image_id,fname,mask,distancing,5k
1,1.jpg,1,1,1
2,2.jpg,0,,
3,3.jpg,1,1,1
4,4.jpg,1,1,1
5,5.jpg,0,0,0
6,6.jpg,0,,
7,7.jpg,0,,
8,8.jpg,0,1,0
9,9.jpg,0,0,0
10,10.jpg,1,0,0
11,11.jpg,1,0,0
12,12.jpg,,1,
13,13.jpg,0,,
14,14.jpg,1,1,1
15,15.jpg,0,1,0
16,16.jpg,0,0,0
17,17.jpg,,1,
18,18.jpg,1,,
19,19.jpg,1,,
20,20.jpg,1,0,0
21,21.jpg,0,,
22,22.jpg,0,,
23,23.jpg,1,,
24,24.jpg,1,1,1
25,25.jpg,0,0,0
26,26.jpg,1,1,1
27,27.jpg,1,,
28,28.jpg,1,0,0
29,29.jpg,1,1,1
30,30.jpg,,1,
31,31.jpg,0,1,0
32,32.jpg,1,,
33,33.jpg,1,,
34,34.jpg,0,,
35,35.jpg,1,1,1
36,36.jpg,1,1,1
37,37.jpg,1,1,1
38,38.jpg,0,,
39,39.jpg,1,1,1
40,40.jpg,1,0,0
41,41.jpg,1,0,0
42,42.jpg,1,,
43,43.jpg,0,,
44,44.jpg,1,1,1
45,45.jpg,1,0,0
46,46.jpg,1,1,1
47,47.jpg,1,1,1
48,48.jpg,1,,
49,49.jpg,1,1,1
50,50.jpg,0,,
51,51.jpg,0,0,0
52,52.jpg,0,0,0
53,53.jpg,1,0,0
54,54.jpg,0,0,0
55,55.jpg,1,1,1
56,56.jpg,1,,
57,57.jpg,1,0,0
58,58.jpg,1,1,1
59,59.jpg,1,,
60,60.jpg,0,,
61,61.jpg,0,0,0
62,62.jpg,0,0,0
63,63.jpg,1,,
64,64.jpg,1,1,1
65,65.jpg,1,1,1
66,66.jpg,1,,
67,67.jpg,1,1,1
68,68.jpg,0,1,0
69,69.jpg,0,0,0
70,70.jpg,1,1,1
71,71.jpg,0,,
72,72.jpg,,1,
73,73.jpg,1,0,0
74,74.jpg,1,1,1
75,75.jpg,1,1,1
76,76.jpg,0,0,0
77,77.jpg,1,1,1
78,78.jpg,1,0,0
79,79.jpg,,1,
80,80.jpg,1,1,1
81,81.jpg,0,,
82,82.jpg,1,,
83,83.jpg,1,,
84,84.jpg,1,1,1
85,85.jpg,1,,
86,86.jpg,1,0,0
87,87.jpg,1,0,0
88,88.jpg,1,1,1
89,89.jpg,,1,
90,90.jpg,0,0,0
91,91.jpg,1,0,0
92,92.jpg,1,1,1
93,93.jpg,0,,
94,94.jpg,,1,
95,95.jpg,1,,
96,96.jpg,,0,
97,97.jpg,0,1,0
98,98.jpg,,0,
99,99.jpg,,0,
100,100.jpg,0,,
101,101.jpg,0,,
102,102.jpg,1,,
103,103.jpg,1,,
104,104.jpg,0,,
105,105.jpg,0,0,0
106,106.jpg,,1,
107,107.jpg,0,1,0
108,108.jpg,1,1,1
109,109.jpg,,1,
110,110.jpg,1,1,1
111,111.jpg,0,0,0
112,112.jpg,1,0,0
113,113.jpg,1,1,1
114,114.jpg,,1,
115,115.jpg,1,0,0
116,116.jpg,,1,
117,117.jpg,0,,
118,118.jpg,1,0,0
119,119.jpg,1,1,1
120,120.jpg,1,,
121,121.jpg,1,,
122,122.jpg,0,0,0
123,123.jpg,1,,
124,124.jpg,,0,
125,125.jpg,1,0,0
126,126.jpg,1,1,1
127,127.jpg,1,1,1
128,128.jpg,0,0,0
129,129.jpg,0,0,0
130,130.jpg,0,,
131,131.jpg,0,1,0
132,132.jpg,1,,
133,133.jpg,,0,
134,134.jpg,1,1,1
135,135.jpg,0,,
136,136.jpg,0,,
137,137.jpg,1,1,1
138,138.jpg,0,,
139,139.jpg,1,1,1
140,140.jpg,1,,
141,141.jpg,1,,
142,142.jpg,1,0,0
143,143.jpg,0,,
144,144.jpg,,0,
145,145.jpg,,0,
146,146.jpg,1,0,0
147,147.jpg,0,0,0
148,148.jpg,1,1,1
149,149.jpg,,1,
150,150.jpg,0,,
151,151.jpg,1,1,1
152,152.jpg,1,0,0
153,153.jpg,1,1,1
154,154.jpg,0,0,0
155,155.jpg,0,,
156,156.jpg,0,0,0
157,157.jpg,0,1,0
158,158.jpg,1,,
159,159.jpg,1,1,1
160,160.jpg,1,,
161,161.jpg,1,0,0
162,162.jpg,1,,
163,163.jpg,,0,
164,164.jpg,1,1,1
165,165.jpg,1,1,1
166,166.jpg,1,1,1
167,167.jpg,0,0,0
168,168.jpg,,0,
169,169.jpg,0,,
170,170.jpg,1,,
171,171.jpg,1,1,1
172,172.jpg,1,0,0
173,173.jpg,1,1,1
174,174.jpg,0,,
175,175.jpg,1,0,0
176,176.jpg,0,0,0
177,177.jpg,1,,
178,178.jpg,0,0,0
179,179.jpg,1,0,0
180,180.jpg,1,0,0
181,181.jpg,1,1,1
182,182.jpg,0,,
183,183.jpg,,0,
184,184.jpg,0,0,0
185,185.jpg,0,0,0
186,186.jpg,1,1,1
187,187.jpg,1,1,1
188,188.jpg,1,1,1
189,189.jpg,,1,
190,190.jpg,1,,
191,191.jpg,1,0,0
192,192.jpg,1,0,0
193,193.jpg,1,,
194,194.jpg,1,,
195,195.jpg,1,0,0
196,196.jpg,0,,
197,197.jpg,,0,
198,198.jpg,0,1,0
199,199.jpg,1,0,0
200,200.jpg,,0,
201,201.jpg,0,1,0
202,202.jpg,1,,
203,203.jpg,1,0,0
204,204.jpg,1,0,0
205,205.jpg,1,0,0
206,206.jpg,1,1,1
207,207.jpg,1,,
208,208.jpg,1,,
209,209.jpg,1,1,1
210,210.jpg,,1,
211,211.jpg,0,1,0
212,212.jpg,0,,
213,213.jpg,,1,
214,214.jpg,,1,
215,215.jpg,1,1,1
216,216.jpg,0,0,0
217,217.jpg,1,1,1
218,218.jpg,1,,
219,219.jpg,,1,
220,220.jpg,0,1,0
221,221.jpg,,0,
222,222.jpg,1,,
223,223.jpg,1,,
224,224.jpg,0,0,0
225,225.jpg,0,,
226,226.jpg,1,1,1
227,227.jpg,1,1,1
228,228.jpg,1,1,1
229,229.jpg,0,1,0
230,230.jpg,1,,
231,231.jpg,1,1,1
232,232.jpg,1,0,0
233,233.jpg,,1,
234,234.jpg,1,,
235,235.jpg,1,1,1
236,236.jpg,1,,
237,237.jpg,,0,
238,238.jpg,0,,
239,239.jpg,0,,
240,240.jpg,1,0,0
241,241.jpg,0,0,0
242,242.jpg,1,,
243,243.jpg,0,0,0
244,244.jpg,1,0,0
245,245.jpg,1,,
246,246.jpg,,0,
247,247.jpg,0,0,0
248,248.jpg,1,1,1
249,249.jpg,1,1,1
250,250.jpg,1,,
251,251.jpg,,1,
252,252.jpg,1,1,1
253,253.jpg,0,0,0
254,254.jpg,,0,
255,255.jpg,1,1,1
256,256.jpg,1,,
257,257.jpg,1,0,0
258,258.jpg,1,1,1
259,259.jpg,,0,
260,260.jpg,1,0,0
261,261.jpg,1,1,1
262,262.jpg,1,,
263,263.jpg,1,1,1
264,264.jpg,1,1,1
265,265.jpg,1,1,1
266,266.jpg,,0,
267,267.jpg,0,0,0
268,268.jpg,,0,
269,269.jpg,1,1,1
270,270.jpg,,1,
271,271.jpg,1,1,1
272,272.jpg,0,1,0
273,273.jpg,1,1,1
274,274.jpg,,0,
275,275.jpg,1,,
276,276.jpg,1,,
277,277.jpg,0,1,0
278,278.jpg,1,1,1
279,279.jpg,0,0,0
280,280.jpg,0,0,0
281,281.jpg,1,,
282,282.jpg,0,,
283,283.jpg,1,1,1
284,284.jpg,,1,
285,285.jpg,1,1,1
286,286.jpg,1,,
287,287.jpg,0,0,0
288,288.jpg,1,,
289,289.jpg,0,,
290,290.jpg,1,,
291,291.jpg,0,,
292,292.jpg,0,,
293,293.jpg,0,1,0
294,294.jpg,0,,
295,295.jpg,1,1,1
296,296.jpg,0,0,0
297,297.jpg,1,0,0
298,298.jpg,1,,
299,299.jpg,1,1,1
300,300.jpg,0,,
301,301.jpg,1,1,1
302,302.jpg,1,,
303,303.jpg,,0,
304,304.jpg,1,,
305,305.jpg,1,1,1
306,306.jpg,1,,
307,307.jpg,0,,
308,308.jpg,,0,
309,309.jpg,0,0,0
310,310.jpg,1,0,0
311,311.jpg,0,0,0
312,312.jpg,0,,
313,313.jpg,1,1,1
314,314.jpg,1,,
315,315.jpg,0,1,0
316,316.jpg,,1,
317,317.jpg,1,1,1
318,318.jpg,0,,
319,319.jpg,,1,
320,320.jpg,1,1,1
321,321.jpg,0,0,0
322,322.jpg,1,,
323,323.jpg,1,0,0
324,324.jpg,1,1,1
325,325.jpg,1,1,1
326,326.jpg,1,,
327,327.jpg,1,,
328,328.jpg,1,,
329,329.jpg,1,,
330,330.jpg,0,0,0
331,331.jpg,0,1,0
332,332.jpg,0,1,0
333,333.jpg,,1,
334,334.jpg,,0,
335,335.jpg,1,1,1
336,336.jpg,1,0,0
337,337.jpg,0,0,0
338,338.jpg,0,,
339,339.jpg,1,1,1
340,340.jpg,0,0,0
341,341.jpg,,1,
342,342.jpg,0,0,0
343,343.jpg,,0,
344,344.jpg,1,,
345,345.jpg,0,0,0
346,346.jpg,1,0,0
347,347.jpg,1,1,1
348,348.jpg,0,,
349,349.jpg,0,0,0
350,350.jpg,,1,
351,351.jpg,1,,
352,352.jpg,1,0,0
353,353.jpg,0,,
354,354.jpg,0,1,0
355,355.jpg,0,,
356,356.jpg,1,1,1
357,357.jpg,1,1,1
358,358.jpg,,0,
359,359.jpg,0,,
360,360.jpg,1,1,1
361,361.jpg,1,1,1
362,362.jpg,1,,
363,363.jpg,1,1,1
364,364.jpg,1,0,0
365,365.jpg,0,,
366,366.jpg,1,1,1
367,367.jpg,1,1,1
368,368.jpg,0,1,0
369,369.jpg,,0,
370,370.jpg,0,,
371,371.jpg,0,0,0
372,372.jpg,0,,
373,373.jpg,,1,
374,374.jpg,,0,
375,375.jpg,1,,
376,376.jpg,1,1,1
377,377.jpg,,0,
378,378.jpg,0,0,0
379,379.jpg,1,,
380,380.jpg,1,1,1
381,381.jpg,1,,
382,382.jpg,1,,
383,383.jpg,0,1,0
384,384.jpg,0,0,0
385,385.jpg,1,1,1
386,386.jpg,1,1,1
387,387.jpg,0,1,0
388,388.jpg,1,,
389,389.jpg,,1,
390,390.jpg,0,0,0
391,391.jpg,,0,
392,392.jpg,1,1,1
393,393.jpg,1,0,0
394,394.jpg,,0,
395,395.jpg,0,0,0
396,396.jpg,1,1,1
397,397.jpg,,1,
398,398.jpg,1,0,0
399,399.jpg,1,1,1
400,400.jpg,1,0,0
401,401.jpg,1,1,1
402,402.jpg,0,1,0
403,403.jpg,,0,
404,404.jpg,1,,
405,405.jpg,1,1,1
406,406.jpg,0,,
407,407.jpg,0,,
408,408.jpg,1,,
409,409.jpg,,0,
410,410.jpg,,1,
411,411.jpg,0,,
412,412.jpg,1,0,0
413,413.jpg,1,0,0
414,414.jpg,1,,
415,415.jpg,1,1,1
416,416.jpg,0,,
417,417.jpg,1,0,0
418,418.jpg,,1,
419,419.jpg,1,,
420,420.jpg,1,,
421,421.jpg,1,1,1
422,422.jpg,1,,
423,423.jpg,,0,
424,424.jpg,1,,
425,425.jpg,,1,
426,426.jpg,0,0,0
427,427.jpg,0,0,0
428,428.jpg,1,0,0
429,429.jpg,1,0,0
430,430.jpg,1,,
431,431.jpg,1,,
432,432.jpg,0,1,0
433,433.jpg,0,,
434,434.jpg,1,1,1
435,435.jpg,,1,
436,436.jpg,0,,
437,437.jpg,1,1,1
438,438.jpg,1,0,0
439,439.jpg,,1,
440,440.jpg,1,,
441,441.jpg,,0,
442,442.jpg,1,1,1
443,443.jpg,0,0,0
444,444.jpg,1,0,0
445,445.jpg,1,,
446,446.jpg,1,1,1
447,447.jpg,0,0,0
448,448.jpg,1,1,1
449,449.jpg,0,0,0
450,450.jpg,1,0,0
451,451.jpg,1,,
452,452.jpg,1,,
453,453.jpg,1,0,0
454,454.jpg,1,0,0
455,455.jpg,,0,
456,456.jpg,1,1,1
457,457.jpg,1,0,0
458,458.jpg,1,1,1
459,459.jpg,0,0,0
460,460.jpg,0,1,0
461,461.jpg,,0,
462,462.jpg,1,,
463,463.jpg,0,,
464,464.jpg,1,1,1
465,465.jpg,,0,
466,466.jpg,1,1,1
467,467.jpg,,0,
468,468.jpg,1,1,1
469,469.jpg,0,0,0
470,470.jpg,1,1,1
471,471.jpg,0,0,0
472,472.jpg,1,1,1
473,473.jpg,0,,
474,474.jpg,1,0,0
475,475.jpg,1,1,1
476,476.jpg,0,,
477,477.jpg,1,,
478,478.jpg,,1,
479,479.jpg,0,0,0
480,480.jpg,1,1,1
481,481.jpg,,1,
482,482.jpg,0,,
483,483.jpg,,1,
484,484.jpg,0,,
485,485.jpg,0,0,0
486,486.jpg,1,1,1
487,487.jpg,1,1,1
488,488.jpg,1,0,0
489,489.jpg,,1,
490,490.jpg,1,1,1
491,491.jpg,0,0,0
492,492.jpg,1,,
493,493.jpg,1,1,1
494,494.jpg,1,1,1
495,495.jpg,1,,
496,496.jpg,0,,
497,497.jpg,0,0,0
498,498.jpg,1,,
499,499.jpg,0,0,0
500,500.jpg,1,,
501,501.jpg,0,1,0
502,502.jpg,1,1,1
503,503.jpg,0,1,0
504,504.jpg,1,,
505,505.jpg,1,,
506,506.jpg,1,1,1
507,507.jpg,1,,
508,508.jpg,,0,
509,509.jpg,1,,
510,510.jpg,0,0,0
511,511.jpg,1,,
512,512.jpg,0,,
513,513.jpg,0,0,0
514,514.jpg,0,0,0
515,515.jpg,1,0,0
516,516.jpg,0,1,0
517,517.jpg,1,0,0
518,518.jpg,,1,
519,519.jpg,1,1,1
520,520.jpg,0,1,0
521,521.jpg,1,,
522,522.jpg,1,1,1
523,523.jpg,0,0,0
524,524.jpg,,1,
525,525.jpg,1,0,0
526,526.jpg,,0,
527,527.jpg,1,0,0
528,528.jpg,,0,
529,529.jpg,1,1,1
530,530.jpg,1,,
531,531.jpg,0,0,0
532,532.jpg,,0,
533,533.jpg,1,1,1
534,534.jpg,1,0,0
535,535.jpg,,1,
536,536.jpg,1,0,0
537,537.jpg,1,,
538,538.jpg,,0,
539,539.jpg,1,,
540,540.jpg,0,1,0
541,541.jpg,1,1,1
542,542.jpg,1,0,0
543,543.jpg,1,0,0
544,544.jpg,1,1,1
545,545.jpg,0,,
546,546.jpg,0,,
547,547.jpg,1,1,1
548,548.jpg,1,1,1
549,549.jpg,1,,
550,550.jpg,0,,
551,551.jpg,1,1,1
552,552.jpg,1,0,0
553,553.jpg,,0,
554,554.jpg,0,1,0
555,555.jpg,1,0,0
556,556.jpg,0,0,0
557,557.jpg,1,,
558,558.jpg,0,0,0
559,559.jpg,0,0,0
560,560.jpg,1,0,0
561,561.jpg,1,,
562,562.jpg,1,0,0
563,563.jpg,1,,
564,564.jpg,0,0,0
565,565.jpg,0,0,0
566,566.jpg,0,0,0
567,567.jpg,,0,
568,568.jpg,1,0,0
569,569.jpg,0,,
570,570.jpg,0,0,0
571,571.jpg,1,1,1
572,572.jpg,1,1,1
573,573.jpg,0,0,0
574,574.jpg,,0,
575,575.jpg,0,1,0
576,576.jpg,1,,
577,577.jpg,1,1,1
578,578.jpg,1,1,1
579,579.jpg,0,0,0
580,580.jpg,0,,
581,581.jpg,0,0,0
582,582.jpg,1,,
583,583.jpg,0,1,0
584,584.jpg,1,,
585,585.jpg,1,1,1
586,586.jpg,0,,
587,587.jpg,0,,
588,588.jpg,0,,
589,589.jpg,1,,
590,590.jpg,1,0,0
591,591.jpg,0,0,0
592,592.jpg,,1,
593,593.jpg,0,,
594,594.jpg,,1,
595,595.jpg,1,1,1
596,596.jpg,0,,
597,597.jpg,,1,
598,598.jpg,1,,
599,599.jpg,,0,
600,600.jpg,1,,
601,601.jpg,1,1,1
602,602.jpg,0,,
603,603.jpg,1,1,1
604,604.jpg,1,1,1
605,605.jpg,1,,
606,606.jpg,1,1,1
607,607.jpg,1,1,1
608,608.jpg,,0,
609,609.jpg,1,,
610,610.jpg,0,1,0
611,611.jpg,1,0,0
612,612.jpg,1,1,1
613,613.jpg,0,,
614,614.jpg,1,0,0
615,615.jpg,1,,
616,616.jpg,1,1,1
617,617.jpg,0,,
618,618.jpg,0,0,0
619,619.jpg,,1,
620,620.jpg,1,,
621,621.jpg,0,1,0
622,622.jpg,,1,
623,623.jpg,1,1,1
624,624.jpg,1,1,1
625,625.jpg,1,1,1
626,626.jpg,1,1,1
627,627.jpg,1,1,1
628,628.jpg,0,,
629,629.jpg,1,1,1
630,630.jpg,1,0,0
631,631.jpg,0,0,0
632,632.jpg,1,1,1
633,633.jpg,0,1,0
634,634.jpg,0,1,0
635,635.jpg,0,,
636,636.jpg,1,0,0
637,637.jpg,,1,
638,638.jpg,,0,
639,639.jpg,0,0,0
640,640.jpg,0,,
641,641.jpg,1,,
642,642.jpg,1,1,1
643,643.jpg,0,0,0
644,644.jpg,1,,
645,645.jpg,1,1,1
646,646.jpg,0,,
647,647.jpg,0,0,0
648,648.jpg,1,,
649,649.jpg,1,,
650,650.jpg,,0,
651,651.jpg,1,0,0
652,652.jpg,1,0,0
653,653.jpg,,1,
654,654.jpg,0,0,0
655,655.jpg,0,0,0
656,656.jpg,1,0,0
657,657.jpg,0,,
658,658.jpg,1,0,0
659,659.jpg,0,,
660,660.jpg,1,1,1
661,661.jpg,1,,
662,662.jpg,1,,
663,663.jpg,0,1,0
664,664.jpg,1,0,0
665,665.jpg,0,,
666,666.jpg,1,1,1
667,667.jpg,1,,
668,668.jpg,0,0,0
669,669.jpg,0,0,0
670,670.jpg,,0,
671,671.jpg,0,,
672,672.jpg,1,1,1
673,673.jpg,,1,
674,674.jpg,0,0,0
675,675.jpg,1,1,1
676,676.jpg,1,,
677,677.jpg,0,,
678,678.jpg,1,1,1
679,679.jpg,,1,
680,680.jpg,0,,
681,681.jpg,1,1,1
682,682.jpg,,0,
683,683.jpg,0,,
684,684.jpg,1,1,1
685,685.jpg,1,1,1
686,686.jpg,1,1,1
687,687.jpg,1,1,1
688,688.jpg,,0,
689,689.jpg,,0,
690,690.jpg,1,1,1
691,691.jpg,1,,
692,692.jpg,1,0,0
693,693.jpg,1,1,1
694,694.jpg,1,1,1
695,695.jpg,,0,
696,696.jpg,1,1,1
697,697.jpg,1,0,0
698,698.jpg,1,0,0
699,699.jpg,1,,
700,700.jpg,1,,
701,701.jpg,0,,
702,702.jpg,0,0,0
703,703.jpg,0,0,0
704,704.jpg,1,1,1
705,705.jpg,,0,
706,706.jpg,1,1,1
707,707.jpg,1,1,1
708,708.jpg,,1,
709,709.jpg,1,1,1
710,710.jpg,1,0,0
711,711.jpg,1,,
712,712.jpg,,0,
713,713.jpg,0,0,0
714,714.jpg,0,0,0
715,715.jpg,1,,
716,716.jpg,,1,
717,717.jpg,1,1,1
718,718.jpg,1,0,0
719,719.jpg,,1,
720,720.jpg,0,,
721,721.jpg,1,1,1
722,722.jpg,1,1,1
723,723.jpg,0,1,0
724,724.jpg,,1,
725,725.jpg,1,0,0
726,726.jpg,,1,
727,727.jpg,1,,
728,728.jpg,1,1,1
729,729.jpg,0,0,0
730,730.jpg,,0,
731,731.jpg,1,,
732,732.jpg,1,1,1
733,733.jpg,,1,
734,734.jpg,0,0,0
735,735.jpg,1,0,0
736,736.jpg,,0,
737,737.jpg,1,1,1
738,738.jpg,1,1,1
739,739.jpg,1,,
740,740.jpg,1,,
741,741.jpg,1,,
742,742.jpg,1,1,1
743,743.jpg,1,1,1
744,744.jpg,0,,
745,745.jpg,1,,
746,746.jpg,,0,
747,747.jpg,0,,
748,748.jpg,0,1,0
749,749.jpg,0,0,0
750,750.jpg,0,0,0
751,751.jpg,1,0,0
752,752.jpg,0,1,0
753,753.jpg,1,1,1
754,754.jpg,1,1,1
755,755.jpg,1,1,1
756,756.jpg,1,,
757,757.jpg,0,0,0
758,758.jpg,1,,
759,759.jpg,0,,
760,760.jpg,1,1,1
761,761.jpg,1,1,1
762,762.jpg,0,,
763,763.jpg,1,,
764,764.jpg,1,1,1
765,765.jpg,1,,
766,766.jpg,1,1,1
767,767.jpg,1,,
768,768.jpg,1,1,1
769,769.jpg,0,0,0
770,770.jpg,,1,
771,771.jpg,0,,
772,772.jpg,1,0,0
773,773.jpg,1,1,1
774,774.jpg,,0,
775,775.jpg,,0,
776,776.jpg,1,,
777,777.jpg,1,0,0
778,778.jpg,1,,
779,779.jpg,1,,
780,780.jpg,0,1,0
781,781.jpg,0,,
782,782.jpg,0,0,0
783,783.jpg,0,0,0
784,784.jpg,1,1,1
785,785.jpg,1,,
786,786.jpg,0,,
787,787.jpg,1,0,0
788,788.jpg,1,,
789,789.jpg,1,0,0
790,790.jpg,0,0,0
791,791.jpg,1,1,1
792,792.jpg,0,0,0
793,793.jpg,0,,
794,794.jpg,,0,
795,795.jpg,0,1,0
796,796.jpg,1,,
797,797.jpg,1,,
798,798.jpg,0,,
799,799.jpg,1,0,0
800,800.jpg,0,,
801,801.jpg,1,1,1
802,802.jpg,1,0,0
803,803.jpg,0,0,0
804,804.jpg,,0,
805,805.jpg,1,1,1
806,806.jpg,1,0,0
807,807.jpg,0,0,0
808,808.jpg,0,0,0
809,809.jpg,1,,
810,810.jpg,1,1,1
811,811.jpg,,0,
812,812.jpg,1,1,1
813,813.jpg,1,,
814,814.jpg,1,,
815,815.jpg,0,0,0
816,816.jpg,1,1,1
817,817.jpg,1,,
818,818.jpg,1,0,0
819,819.jpg,,0,
820,820.jpg,0,1,0
821,821.jpg,,1,
822,822.jpg,,1,
823,823.jpg,1,,
824,824.jpg,0,0,0
825,825.jpg,1,0,0
826,826.jpg,1,,
827,827.jpg,1,,
828,828.jpg,1,0,0
829,829.jpg,1,1,1
830,830.jpg,1,0,0
831,831.jpg,1,1,1
832,832.jpg,1,1,1
833,833.jpg,0,,
834,834.jpg,,1,
835,835.jpg,0,0,0
836,836.jpg,1,,
837,837.jpg,1,,
838,838.jpg,,1,
839,839.jpg,1,1,1
840,840.jpg,1,1,1
841,841.jpg,0,0,0
842,842.jpg,0,0,0
843,843.jpg,1,,
844,844.jpg,,0,
845,845.jpg,0,,
846,846.jpg,1,,
847,847.jpg,,0,
848,848.jpg,1,1,1
849,849.jpg,,0,
850,850.jpg,1,1,1
851,851.jpg,0,0,0
852,852.jpg,,1,
853,853.jpg,1,,
854,854.jpg,1,,
855,855.jpg,0,0,0
856,856.jpg,1,1,1
857,857.jpg,1,1,1
858,858.jpg,1,0,0
859,859.jpg,1,1,1
860,860.jpg,,0,
861,861.jpg,,0,
862,862.jpg,1,,
863,863.jpg,1,0,0
864,864.jpg,1,0,0
865,865.jpg,1,1,1
866,866.jpg,0,,
867,867.jpg,,1,
868,868.jpg,0,1,0
869,869.jpg,,0,
870,870.jpg,,0,
871,871.jpg,0,1,0
872,872.jpg,1,1,1
873,873.jpg,0,0,0
874,874.jpg,1,1,1
875,875.jpg,,0,
876,876.jpg,1,0,0
877,877.jpg,0,0,0
878,878.jpg,,1,
879,879.jpg,0,0,0
880,880.jpg,1,1,1
881,881.jpg,1,,
882,882.jpg,0,1,0
883,883.jpg,,1,
884,884.jpg,,1,
885,885.jpg,1,,
886,886.jpg,1,,
887,887.jpg,0,,
888,888.jpg,1,,
889,889.jpg,1,1,1
890,890.jpg,0,,
891,891.jpg,1,1,1
892,892.jpg,0,0,0
893,893.jpg,1,1,1
894,894.jpg,1,1,1
895,895.jpg,1,,
896,896.jpg,1,,
897,897.jpg,,1,
898,898.jpg,1,,
899,899.jpg,0,0,0
900,900.jpg,1,,
901,901.jpg,1,0,0
902,902.jpg,1,0,0
903,903.jpg,,0,
904,904.jpg,,0,
905,905.jpg,0,1,0
906,906.jpg,1,0,0
907,907.jpg,0,,
908,908.jpg,0,0,0
909,909.jpg,0,0,0
910,910.jpg,1,1,1
911,911.jpg,1,1,1
912,912.jpg,0,1,0
913,913.jpg,1,,
914,914.jpg,,0,
915,915.jpg,1,0,0
916,916.jpg,1,,
917,917.jpg,,1,
918,918.jpg,,0,
919,919.jpg,,1,
920,920.jpg,1,,
921,921.jpg,1,0,0
922,922.jpg,1,0,0
923,923.jpg,1,1,1
924,924.jpg,1,1,1
925,925.jpg,1,1,1
926,926.jpg,0,,
927,927.jpg,1,,
928,928.jpg,0,0,0
929,929.jpg,1,1,1
930,930.jpg,0,,
931,931.jpg,,0,
932,932.jpg,0,0,0
933,933.jpg,0,1,0
934,934.jpg,1,1,1
935,935.jpg,0,0,0
936,936.jpg,1,0,0
937,937.jpg,0,,
938,938.jpg,,0,
939,939.jpg,,1,
940,940.jpg,1,,
941,941.jpg,0,,
942,942.jpg,,0,
943,943.jpg,1,,
944,944.jpg,1,0,0
945,945.jpg,0,1,0
946,946.jpg,1,1,1
947,947.jpg,0,0,0
948,948.jpg,0,0,0
949,949.jpg,1,,
950,950.jpg,1,1,1
951,951.jpg,1,1,1
952,952.jpg,1,0,0
953,953.jpg,1,,
954,954.jpg,1,1,1
955,955.jpg,1,0,0
956,956.jpg,,0,
957,957.jpg,,0,
958,958.jpg,0,1,0
959,959.jpg,,1,
960,960.jpg,,1,
961,961.jpg,,0,
962,962.jpg,0,,
963,963.jpg,1,1,1
964,964.jpg,1,,
965,965.jpg,1,0,0
966,966.jpg,0,1,0
967,967.jpg,,1,
968,968.jpg,,0,
969,969.jpg,1,1,1
970,970.jpg,1,1,1
971,971.jpg,0,0,0
972,972.jpg,1,0,0
973,973.jpg,1,1,1
974,974.jpg,1,,
975,975.jpg,1,0,0
976,976.jpg,,0,
977,977.jpg,1,0,0
978,978.jpg,,1,
979,979.jpg,0,0,0
980,980.jpg,,1,
981,981.jpg,,1,
982,982.jpg,0,1,0
983,983.jpg,1,,
984,984.jpg,,1,
985,985.jpg,1,0,0
986,986.jpg,1,0,0
987,987.jpg,,1,
988,988.jpg,1,0,0
989,989.jpg,1,,
990,990.jpg,1,1,1
991,991.jpg,1,1,1
992,992.jpg,1,,
993,993.jpg,1,1,1
994,994.jpg,0,0,0
995,995.jpg,,0,
996,996.jpg,1,1,1
997,997.jpg,0,,
998,998.jpg,,1,
999,999.jpg,,0,
1000,1000.jpg,,1,
1001,1001.jpg,,1,
1002,1002.jpg,1,,
1003,1003.jpg,1,1,1
1004,1004.jpg,1,0,0
1005,1005.jpg,1,1,1
1006,1006.jpg,1,1,1
1007,1007.jpg,1,1,1
1008,1008.jpg,1,1,1
1009,1009.jpg,0,1,0
1010,1010.jpg,,0,
1011,1011.jpg,,0,
1012,1012.jpg,0,0,0
1013,1013.jpg,1,,
1014,1014.jpg,1,,
1015,1015.jpg,1,1,1
1016,1016.jpg,,1,
1017,1017.jpg,1,1,1
1018,1018.jpg,,0,
1019,1019.jpg,1,0,0
1020,1020.jpg,1,0,0
1021,1021.jpg,1,,
1022,1022.jpg,0,,
1023,1023.jpg,1,1,1
1024,1024.jpg,0,,
1025,1025.jpg,,1,
1026,1026.jpg,0,,
1027,1027.jpg,0,,
1028,1028.jpg,1,,
1029,1029.jpg,1,0,0
1030,1030.jpg,1,,
1031,1031.jpg,1,1,1
1032,1032.jpg,,0,
1033,1033.jpg,0,,
1034,1034.jpg,1,0,0
1035,1035.jpg,1,0,0
1036,1036.jpg,0,,
1037,1037.jpg,1,1,1
1038,1038.jpg,1,1,1
1039,1039.jpg,1,1,1
1040,1040.jpg,0,0,0
1041,1041.jpg,1,,
1042,1042.jpg,1,,
1043,1043.jpg,,0,
1044,1044.jpg,,0,
1045,1045.jpg,1,1,1
1046,1046.jpg,,1,
1047,1047.jpg,1,0,0
1048,1048.jpg,0,,
1049,1049.jpg,1,0,0
1050,1050.jpg,0,0,0
1051,1051.jpg,,0,
1052,1052.jpg,,0,
1053,1053.jpg,,0,
1054,1054.jpg,1,1,1
1055,1055.jpg,1,,
1056,1056.jpg,0,0,0
1057,1057.jpg,0,,
1058,1058.jpg,0,,
1059,1059.jpg,1,,
1060,1060.jpg,1,0,0
1061,1061.jpg,1,0,0
1062,1062.jpg,1,1,1
1063,1063.jpg,1,,
1064,1064.jpg,1,0,0
1065,1065.jpg,1,,
1066,1066.jpg,,1,
1067,1067.jpg,0,,
1068,1068.jpg,1,0,0
1069,1069.jpg,0,,
1070,1070.jpg,0,0,0
1071,1071.jpg,1,1,1
1072,1072.jpg,1,0,0
1073,1073.jpg,0,,
1074,1074.jpg,0,0,0
1075,1075.jpg,1,1,1
1076,1076.jpg,1,,
1077,1077.jpg,1,,
1078,1078.jpg,,1,
1079,1079.jpg,,0,
1080,1080.jpg,,0,
1081,1081.jpg,0,,
1082,1082.jpg,0,1,0
1083,1083.jpg,1,1,1
1084,1084.jpg,,1,
1085,1085.jpg,0,,
1086,1086.jpg,0,,
1087,1087.jpg,0,,
1088,1088.jpg,1,,
1089,1089.jpg,0,0,0
1090,1090.jpg,0,,
1091,1091.jpg,1,1,1
1092,1092.jpg,,1,
1093,1093.jpg,1,1,1
1094,1094.jpg,1,1,1
1095,1095.jpg,1,0,0
1096,1096.jpg,0,0,0
1097,1097.jpg,,1,
1098,1098.jpg,1,,
1099,1099.jpg,1,,
1100,1100.jpg,1,0,0
1101,1101.jpg,1,,
1102,1102.jpg,0,0,0
1103,1103.jpg,1,,
1104,1104.jpg,1,0,0
1105,1105.jpg,,0,
1106,1106.jpg,1,1,1
1107,1107.jpg,1,1,1
1108,1108.jpg,0,1,0
1109,1109.jpg,1,,
1110,1110.jpg,1,,
1111,1111.jpg,1,1,1
1112,1112.jpg,1,,
1113,1113.jpg,1,,
1114,1114.jpg,1,0,0
1115,1115.jpg,0,0,0
1116,1116.jpg,,0,
1117,1117.jpg,0,0,0
1118,1118.jpg,1,,
1119,1119.jpg,1,1,1
1120,1120.jpg,1,1,1
1121,1121.jpg,0,,
1122,1122.jpg,0,1,0
1123,1123.jpg,1,1,1
1124,1124.jpg,1,1,1
1125,1125.jpg,,1,
1126,1126.jpg,0,1,0
1127,1127.jpg,0,0,0
1128,1128.jpg,1,1,1
1129,1129.jpg,0,,
1130,1130.jpg,1,1,1
1131,1131.jpg,0,,
1132,1132.jpg,1,,
1133,1133.jpg,1,0,0
1134,1134.jpg,,0,
1135,1135.jpg,1,1,1
1136,1136.jpg,1,0,0
1137,1137.jpg,,0,
1138,1138.jpg,0,1,0
1139,1139.jpg,0,,
1140,1140.jpg,0,0,0
1141,1141.jpg,,1,
1142,1142.jpg,1,0,0
1143,1143.jpg,1,1,1
1144,1144.jpg,0,,
1145,1145.jpg,1,,
1146,1146.jpg,,0,
1147,1147.jpg,1,,
1148,1148.jpg,1,0,0
1149,1149.jpg,1,1,1
1150,1150.jpg,0,1,0
1151,1151.jpg,1,1,1
1152,1152.jpg,1,,
1153,1153.jpg,0,,
1154,1154.jpg,0,0,0
1155,1155.jpg,1,1,1
1156,1156.jpg,1,,
1157,1157.jpg,1,1,1
1158,1158.jpg,1,0,0
1159,1159.jpg,0,1,0
1160,1160.jpg,,0,
1161,1161.jpg,,1,
1162,1162.jpg,0,,
1163,1163.jpg,0,0,0
1164,1164.jpg,1,0,0
1165,1165.jpg,,0,
1166,1166.jpg,1,,
1167,1167.jpg,0,0,0
1168,1168.jpg,1,0,0
1169,1169.jpg,1,1,1
1170,1170.jpg,0,0,0
1171,1171.jpg,0,1,0
1172,1172.jpg,1,0,0
1173,1173.jpg,0,,
1174,1174.jpg,0,0,0
1175,1175.jpg,1,1,1
1176,1176.jpg,0,,
1177,1177.jpg,,1,
1178,1178.jpg,0,1,0
1179,1179.jpg,,1,
1180,1180.jpg,1,1,1
1181,1181.jpg,1,,
1182,1182.jpg,0,0,0
1183,1183.jpg,1,1,1
1184,1184.jpg,1,1,1
1185,1185.jpg,0,,
1186,1186.jpg,1,1,1
1187,1187.jpg,0,,
1188,1188.jpg,1,1,1
1189,1189.jpg,1,1,1
1190,1190.jpg,0,0,0
1191,1191.jpg,,0,
1192,1192.jpg,0,0,0
1193,1193.jpg,1,,
1194,1194.jpg,,0,
1195,1195.jpg,1,,
1196,1196.jpg,,0,
1197,1197.jpg,,1,
1198,1198.jpg,,0,
1199,1199.jpg,1,,
1200,1200.jpg,1,1,1
1201,1201.jpg,1,,
1202,1202.jpg,1,1,1
1203,1203.jpg,0,1,0
1204,1204.jpg,,0,
1205,1205.jpg,0,,
1206,1206.jpg,,0,
1207,1207.jpg,1,1,1
1208,1208.jpg,1,1,1
1209,1209.jpg,1,1,1
1210,1210.jpg,1,,
1211,1211.jpg,1,0,0
1212,1212.jpg,1,,
1213,1213.jpg,1,,
1214,1214.jpg,0,,
1215,1215.jpg,1,1,1
1216,1216.jpg,,1,
1217,1217.jpg,1,,
1218,1218.jpg,1,,
1219,1219.jpg,0,0,0
1220,1220.jpg,1,,
1221,1221.jpg,0,,
1222,1222.jpg,1,,
1223,1223.jpg,1,0,0
1224,1224.jpg,1,,
1225,1225.jpg,1,1,1
1226,1226.jpg,0,1,0
1227,1227.jpg,0,,
1228,1228.jpg,0,,
1229,1229.jpg,1,1,1
1230,1230.jpg,1,,
1231,1231.jpg,0,0,0
1232,1232.jpg,1,1,1
1233,1233.jpg,1,0,0
1234,1234.jpg,,1,
1235,1235.jpg,,1,
1236,1236.jpg,1,1,1
1237,1237.jpg,1,0,0
1238,1238.jpg,1,1,1
1239,1239.jpg,0,0,0
1240,1240.jpg,1,0,0
1241,1241.jpg,0,,
1242,1242.jpg,0,,
1243,1243.jpg,0,,
1244,1244.jpg,1,1,1
1245,1245.jpg,1,,
1246,1246.jpg,0,1,0
1247,1247.jpg,1,1,1
1248,1248.jpg,,0,
1249,1249.jpg,1,,
1250,1250.jpg,0,0,0
1251,1251.jpg,1,1,1
1252,1252.jpg,,1,
1253,1253.jpg,1,,
1254,1254.jpg,1,1,1
1255,1255.jpg,,1,
1256,1256.jpg,0,,
1257,1257.jpg,1,,
1258,1258.jpg,0,,
1259,1259.jpg,1,1,1
1260,1260.jpg,1,1,1
1261,1261.jpg,1,0,0
1262,1262.jpg,1,1,1
1263,1263.jpg,,0,
1264,1264.jpg,1,,
1265,1265.jpg,0,,
1266,1266.jpg,0,0,0
1267,1267.jpg,1,1,1
1268,1268.jpg,1,,
1269,1269.jpg,1,,
1270,1270.jpg,,0,
1271,1271.jpg,1,0,0
1272,1272.jpg,1,1,1
1273,1273.jpg,0,,
1274,1274.jpg,1,0,0
1275,1275.jpg,0,,
1276,1276.jpg,1,1,1
1277,1277.jpg,1,0,0
1278,1278.jpg,,1,
1279,1279.jpg,,0,
1280,1280.jpg,0,,
1281,1281.jpg,1,0,0
1282,1282.jpg,1,1,1
1283,1283.jpg,1,1,1
1284,1284.jpg,1,0,0
1285,1285.jpg,0,0,0
1286,1286.jpg,0,,
1287,1287.jpg,1,,
1288,1288.jpg,1,,
1289,1289.jpg,1,1,1
1290,1290.jpg,1,,
1291,1291.jpg,1,0,0
1292,1292.jpg,0,0,0
1293,1293.jpg,1,,
1294,1294.jpg,1,,
1295,1295.jpg,0,,
1296,1296.jpg,,0,
1297,1297.jpg,1,1,1
1298,1298.jpg,1,1,1
1299,1299.jpg,1,0,0
1300,1300.jpg,1,0,0
1301,1301.jpg,0,0,0
1302,1302.jpg,,1,
1303,1303.jpg,1,1,1
1304,1304.jpg,,1,
1305,1305.jpg,1,1,1
1306,1306.jpg,,0,
1307,1307.jpg,0,0,0
1308,1308.jpg,,0,
1309,1309.jpg,1,1,1
1310,1310.jpg,0,1,0
1311,1311.jpg,1,1,1
1312,1312.jpg,1,0,0
1313,1313.jpg,1,1,1
1314,1314.jpg,1,1,1
1315,1315.jpg,1,,
1316,1316.jpg,1,1,1
1317,1317.jpg,1,1,1
1318,1318.jpg,,0,
1319,1319.jpg,0,,
1320,1320.jpg,0,,
1321,1321.jpg,1,1,1
1322,1322.jpg,1,,
1323,1323.jpg,,0,
1324,1324.jpg,,0,
1325,1325.jpg,1,,
1326,1326.jpg,1,,
1327,1327.jpg,1,0,0
1328,1328.jpg,0,1,0
1329,1329.jpg,1,0,0
1330,1330.jpg,0,0,0
1331,1331.jpg,1,0,0
1332,1332.jpg,1,,
1333,1333.jpg,0,,
1334,1334.jpg,1,,
1335,1335.jpg,0,0,0
1336,1336.jpg,1,1,1
1337,1337.jpg,0,0,0
1338,1338.jpg,1,0,0
1339,1339.jpg,0,1,0
1340,1340.jpg,1,1,1
1341,1341.jpg,1,1,1
1342,1342.jpg,1,0,0
1343,1343.jpg,0,,
1344,1344.jpg,1,1,1
1345,1345.jpg,0,,
1346,1346.jpg,1,,
1347,1347.jpg,,0,
1348,1348.jpg,0,0,0
1349,1349.jpg,,0,
1350,1350.jpg,1,,
1351,1351.jpg,1,,
1352,1352.jpg,1,,
1353,1353.jpg,0,1,0
1354,1354.jpg,,0,
1355,1355.jpg,1,0,0
1356,1356.jpg,1,,
1357,1357.jpg,1,1,1
1358,1358.jpg,0,0,0
1359,1359.jpg,1,0,0
1360,1360.jpg,1,0,0
1361,1361.jpg,0,0,0
1362,1362.jpg,0,0,0
1363,1363.jpg,1,,
1364,1364.jpg,,0,
1365,1365.jpg,0,,
1366,1366.jpg,1,0,0
1367,1367.jpg,1,,
1368,1368.jpg,1,0,0
1369,1369.jpg,,1,
1370,1370.jpg,1,,
1371,1371.jpg,1,1,1
1372,1372.jpg,1,1,1
1373,1373.jpg,1,,
1374,1374.jpg,1,,
1375,1375.jpg,,0,
1376,1376.jpg,,1,
1377,1377.jpg,0,0,0
1378,1378.jpg,1,0,0
1379,1379.jpg,,0,
1380,1380.jpg,1,,
1381,1381.jpg,1,,
1382,1382.jpg,0,,
1383,1383.jpg,1,1,1
1384,1384.jpg,0,,
1385,1385.jpg,0,0,0
1386,1386.jpg,1,1,1
1387,1387.jpg,,1,
1388,1388.jpg,0,,
1389,1389.jpg,0,,
1390,1390.jpg,1,1,1
1391,1391.jpg,0,,
1392,1392.jpg,0,0,0
1393,1393.jpg,1,1,1
1394,1394.jpg,0,0,0
1395,1395.jpg,,1,
1396,1396.jpg,1,,
1397,1397.jpg,1,1,1
1398,1398.jpg,1,,
1399,1399.jpg,1,,
1400,1400.jpg,0,,
1401,1401.jpg,,1,
1402,1402.jpg,1,,
1403,1403.jpg,1,1,1
1404,1404.jpg,1,1,1
1405,1405.jpg,,0,
1406,1406.jpg,1,1,1
1407,1407.jpg,0,0,0
1408,1408.jpg,,0,
1409,1409.jpg,1,,
1410,1410.jpg,1,1,1
1411,1411.jpg,0,,
1412,1412.jpg,1,1,1
1413,1413.jpg,,0,
1414,1414.jpg,,1,
1415,1415.jpg,0,0,0
1416,1416.jpg,1,,
1417,1417.jpg,1,1,1
1418,1418.jpg,0,,
1419,1419.jpg,1,,
1420,1420.jpg,1,,
1421,1421.jpg,1,1,1
1422,1422.jpg,0,0,0
1423,1423.jpg,1,1,1
1424,1424.jpg,0,0,0
1425,1425.jpg,1,1,1
1426,1426.jpg,,0,
1427,1427.jpg,1,,
1428,1428.jpg,1,0,0
1429,1429.jpg,0,0,0
1430,1430.jpg,1,1,1
1431,1431.jpg,1,0,0
1432,1432.jpg,1,1,1
1433,1433.jpg,,1,
1434,1434.jpg,0,,
1435,1435.jpg,1,,
1436,1436.jpg,1,1,1
1437,1437.jpg,,1,
1438,1438.jpg,1,,
1439,1439.jpg,1,1,1
1440,1440.jpg,1,1,1
1441,1441.jpg,1,,
1442,1442.jpg,1,,
1443,1443.jpg,1,,
1444,1444.jpg,1,0,0
1445,1445.jpg,1,0,0
1446,1446.jpg,,0,
1447,1447.jpg,1,,
1448,1448.jpg,,0,
1449,1449.jpg,1,1,1
1450,1450.jpg,1,1,1
1451,1451.jpg,0,,
1452,1452.jpg,,0,
1453,1453.jpg,1,,
1454,1454.jpg,1,1,1
1455,1455.jpg,1,,
1456,1456.jpg,1,1,1
1457,1457.jpg,0,,
1458,1458.jpg,,0,
1459,1459.jpg,1,,
1460,1460.jpg,,1,
1461,1461.jpg,1,1,1
1462,1462.jpg,1,1,1
1463,1463.jpg,1,,
1464,1464.jpg,0,0,0
1465,1465.jpg,1,1,1
1466,1466.jpg,1,1,1
1467,1467.jpg,1,1,1
1468,1468.jpg,,0,
1469,1469.jpg,0,1,0
1470,1470.jpg,1,0,0
1471,1471.jpg,,0,
1472,1472.jpg,1,1,1
1473,1473.jpg,1,1,1
1474,1474.jpg,1,1,1
1475,1475.jpg,1,1,1
1476,1476.jpg,0,0,0
1477,1477.jpg,1,,
1478,1478.jpg,1,1,1
1479,1479.jpg,0,1,0
1480,1480.jpg,,0,
1481,1481.jpg,1,1,1
1482,1482.jpg,1,1,1
1483,1483.jpg,1,,
1484,1484.jpg,1,1,1
1485,1485.jpg,0,1,0
1486,1486.jpg,0,,
1487,1487.jpg,0,,
1488,1488.jpg,,0,
1489,1489.jpg,1,1,1
1490,1490.jpg,1,,
1491,1491.jpg,0,0,0
1492,1492.jpg,1,1,1
1493,1493.jpg,0,0,0
1494,1494.jpg,0,,
1495,1495.jpg,0,,
1496,1496.jpg,1,1,1
1497,1497.jpg,0,,
1498,1498.jpg,1,,
1499,1499.jpg,1,1,1
1500,1500.jpg,1,1,1
1501,1501.jpg,1,1,1
1502,1502.jpg,1,1,1
1503,1503.jpg,0,1,0
1504,1504.jpg,1,1,1
1505,1505.jpg,,1,
1506,1506.jpg,0,,
1507,1507.jpg,,1,
1508,1508.jpg,1,1,1
1509,1509.jpg,1,0,0
1510,1510.jpg,1,0,0
1511,1511.jpg,1,0,0
1512,1512.jpg,1,1,1
1513,1513.jpg,1,,
1514,1514.jpg,1,,
1515,1515.jpg,0,0,0
1516,1516.jpg,1,0,0
1517,1517.jpg,1,1,1
1518,1518.jpg,0,1,0
1519,1519.jpg,,1,
1520,1520.jpg,,1,
1521,1521.jpg,,0,
1522,1522.jpg,1,1,1
1523,1523.jpg,0,,
1524,1524.jpg,1,,
1525,1525.jpg,1,1,1
1526,1526.jpg,1,1,1
1527,1527.jpg,1,0,0
1528,1528.jpg,1,,
1529,1529.jpg,0,0,0
1530,1530.jpg,0,,
1531,1531.jpg,,1,
1532,1532.jpg,,0,
1533,1533.jpg,,0,
1534,1534.jpg,0,,
1535,1535.jpg,0,0,0
1536,1536.jpg,1,0,0
1537,1537.jpg,0,1,0
1538,1538.jpg,0,0,0
1539,1539.jpg,1,1,1
1540,1540.jpg,1,1,1
1541,1541.jpg,,0,
1542,1542.jpg,0,0,0
1543,1543.jpg,0,0,0
1544,1544.jpg,,0,
1545,1545.jpg,0,0,0
1546,1546.jpg,1,1,1
1547,1547.jpg,1,0,0
1548,1548.jpg,1,1,1
1549,1549.jpg,1,,
1550,1550.jpg,,0,
1551,1551.jpg,1,1,1
1552,1552.jpg,1,,
1553,1553.jpg,0,0,0
1554,1554.jpg,1,0,0
1555,1555.jpg,,0,
1556,1556.jpg,1,1,1
1557,1557.jpg,,0,
1558,1558.jpg,,0,
1559,1559.jpg,1,,
1560,1560.jpg,0,0,0
1561,1561.jpg,0,,
1562,1562.jpg,1,1,1
1563,1563.jpg,1,1,1
1564,1564.jpg,0,0,0
1565,1565.jpg,0,1,0
1566,1566.jpg,,1,
1567,1567.jpg,1,1,1
1568,1568.jpg,1,,
1569,1569.jpg,1,0,0
1570,1570.jpg,,1,
1571,1571.jpg,1,1,1
1572,1572.jpg,1,,
1573,1573.jpg,1,,
1574,1574.jpg,1,,
1575,1575.jpg,0,0,0
1576,1576.jpg,1,,
1577,1577.jpg,1,,
1578,1578.jpg,1,,
1579,1579.jpg,,0,
1580,1580.jpg,,0,
1581,1581.jpg,,0,
1582,1582.jpg,1,,
1583,1583.jpg,1,0,0
1584,1584.jpg,0,1,0
1585,1585.jpg,,1,
1586,1586.jpg,0,,
1587,1587.jpg,1,1,1
1588,1588.jpg,1,,
1589,1589.jpg,1,1,1
1590,1590.jpg,1,0,0
1591,1591.jpg,1,1,1
1592,1592.jpg,1,0,0
1593,1593.jpg,1,1,1
1594,1594.jpg,,1,
1595,1595.jpg,0,,
1596,1596.jpg,1,,
1597,1597.jpg,0,0,0
1598,1598.jpg,0,,
1599,1599.jpg,,1,
1600,1600.jpg,1,1,1
1601,1601.jpg,1,,
1602,1602.jpg,1,1,1
1603,1603.jpg,1,1,1
1604,1604.jpg,1,1,1
1605,1605.jpg,1,1,1
1606,1606.jpg,0,0,0
1607,1607.jpg,0,1,0
1608,1608.jpg,1,0,0
1609,1609.jpg,1,,
1610,1610.jpg,,0,
1611,1611.jpg,0,1,0
1612,1612.jpg,1,1,1
1613,1613.jpg,1,1,1
1614,1614.jpg,1,,
1615,1615.jpg,1,1,1
1616,1616.jpg,1,0,0
1617,1617.jpg,1,1,1
1618,1618.jpg,,0,
1619,1619.jpg,,0,
1620,1620.jpg,0,,
1621,1621.jpg,1,,
1622,1622.jpg,1,,
1623,1623.jpg,1,1,1
1624,1624.jpg,0,0,0
1625,1625.jpg,0,0,0
1626,1626.jpg,0,,
1627,1627.jpg,0,1,0
1628,1628.jpg,1,,
1629,1629.jpg,0,,
1630,1630.jpg,0,,
1631,1631.jpg,1,1,1
1632,1632.jpg,1,0,0
1633,1633.jpg,1,1,1
1634,1634.jpg,1,,
1635,1635.jpg,0,1,0
1636,1636.jpg,1,1,1
1637,1637.jpg,1,0,0
1638,1638.jpg,1,1,1
1639,1639.jpg,,0,
1640,1640.jpg,1,,
1641,1641.jpg,0,1,0
1642,1642.jpg,0,,
1643,1643.jpg,,0,
1644,1644.jpg,1,,
1645,1645.jpg,1,1,1
1646,1646.jpg,0,0,0
1647,1647.jpg,0,1,0
1648,1648.jpg,1,,
1649,1649.jpg,1,0,0
1650,1650.jpg,1,1,1
1651,1651.jpg,1,1,1
1652,1652.jpg,1,1,1
1653,1653.jpg,1,,
1654,1654.jpg,1,1,1
1655,1655.jpg,1,,
1656,1656.jpg,1,1,1
1657,1657.jpg,1,,
1658,1658.jpg,0,0,0
1659,1659.jpg,1,0,0
1660,1660.jpg,1,1,1
1661,1661.jpg,1,,
1662,1662.jpg,,1,
1663,1663.jpg,1,,
1664,1664.jpg,0,0,0
1665,1665.jpg,1,1,1
1666,1666.jpg,1,1,1
1667,1667.jpg,,1,
1668,1668.jpg,0,,
1669,1669.jpg,0,1,0
1670,1670.jpg,1,0,0
1671,1671.jpg,1,,
1672,1672.jpg,1,1,1
1673,1673.jpg,1,,
1674,1674.jpg,1,,
1675,1675.jpg,1,1,1
1676,1676.jpg,,1,
1677,1677.jpg,1,,
1678,1678.jpg,,0,
1679,1679.jpg,0,0,0
1680,1680.jpg,1,1,1
1681,1681.jpg,1,1,1
1682,1682.jpg,1,1,1
1683,1683.jpg,1,,
1684,1684.jpg,1,1,1
1685,1685.jpg,1,0,0
1686,1686.jpg,,0,
1687,1687.jpg,0,,
1688,1688.jpg,,0,
1689,1689.jpg,1,,
1690,1690.jpg,0,0,0
1691,1691.jpg,,1,
1692,1692.jpg,0,,
1693,1693.jpg,1,1,1
1694,1694.jpg,1,0,0
1695,1695.jpg,1,1,1
1696,1696.jpg,0,0,0
1697,1697.jpg,1,0,0
1698,1698.jpg,,1,
1699,1699.jpg,,0,
1700,1700.jpg,0,,
1701,1701.jpg,1,1,1
1702,1702.jpg,0,0,0
1703,1703.jpg,0,0,0
1704,1704.jpg,1,1,1
1705,1705.jpg,0,0,0
1706,1706.jpg,1,,
1707,1707.jpg,0,0,0
1708,1708.jpg,1,,
1709,1709.jpg,,0,
1710,1710.jpg,0,,
1711,1711.jpg,0,,
1712,1712.jpg,1,1,1
1713,1713.jpg,1,1,1
1714,1714.jpg,1,,
1715,1715.jpg,1,1,1
1716,1716.jpg,1,,
1717,1717.jpg,1,,
1718,1718.jpg,1,1,1
1719,1719.jpg,0,,
1720,1720.jpg,0,,
1721,1721.jpg,1,,
1722,1722.jpg,1,,
1723,1723.jpg,1,1,1
1724,1724.jpg,1,0,0
1725,1725.jpg,1,0,0
1726,1726.jpg,0,0,0
1727,1727.jpg,1,0,0
1728,1728.jpg,0,,
1729,1729.jpg,1,1,1
1730,1730.jpg,1,,
1731,1731.jpg,1,1,1
1732,1732.jpg,,0,
1733,1733.jpg,1,0,0
1734,1734.jpg,1,1,1
1735,1735.jpg,1,1,1
1736,1736.jpg,1,,
1737,1737.jpg,1,1,1
1738,1738.jpg,,1,
1739,1739.jpg,1,1,1
1740,1740.jpg,1,,
1741,1741.jpg,1,1,1
1742,1742.jpg,,0,
1743,1743.jpg,,0,
1744,1744.jpg,,0,
1745,1745.jpg,0,,
1746,1746.jpg,0,0,0
1747,1747.jpg,0,1,0
1748,1748.jpg,0,,
1749,1749.jpg,1,1,1
1750,1750.jpg,,1,
1751,1751.jpg,1,1,1
1752,1752.jpg,,0,
1753,1753.jpg,0,1,0
1754,1754.jpg,1,,
1755,1755.jpg,0,0,0
1756,1756.jpg,1,1,1
1757,1757.jpg,,1,
1758,1758.jpg,1,0,0
1759,1759.jpg,1,1,1
1760,1760.jpg,1,,
1761,1761.jpg,,1,
1762,1762.jpg,1,,
1763,1763.jpg,,0,
1764,1764.jpg,1,,
1765,1765.jpg,,0,
1766,1766.jpg,1,1,1
1767,1767.jpg,1,1,1
1768,1768.jpg,,0,
1769,1769.jpg,1,0,0
1770,1770.jpg,1,1,1
1771,1771.jpg,1,,
1772,1772.jpg,,1,
1773,1773.jpg,0,,
1774,1774.jpg,1,,
1775,1775.jpg,1,0,0
1776,1776.jpg,,1,
1777,1777.jpg,1,,
1778,1778.jpg,1,1,1
1779,1779.jpg,0,0,0
1780,1780.jpg,0,1,0
1781,1781.jpg,0,0,0
1782,1782.jpg,1,0,0
1783,1783.jpg,1,,
1784,1784.jpg,1,0,0
1785,1785.jpg,,1,
1786,1786.jpg,0,0,0
1787,1787.jpg,1,1,1
1788,1788.jpg,,0,
1789,1789.jpg,1,1,1
1790,1790.jpg,0,0,0
1791,1791.jpg,,1,
1792,1792.jpg,,0,
1793,1793.jpg,1,,
1794,1794.jpg,,0,
1795,1795.jpg,1,1,1
1796,1796.jpg,,1,
1797,1797.jpg,1,,
1798,1798.jpg,1,,
1799,1799.jpg,1,1,1
1800,1800.jpg,1,,
1801,1801.jpg,0,,
1802,1802.jpg,1,,
1803,1803.jpg,0,,
1804,1804.jpg,0,,
1805,1805.jpg,,1,
1806,1806.jpg,1,,
1807,1807.jpg,1,0,0
1808,1808.jpg,1,,
1809,1809.jpg,,0,
1810,1810.jpg,1,0,0
1811,1811.jpg,1,0,0
1812,1812.jpg,1,,
1813,1813.jpg,,0,
1814,1814.jpg,0,,
1815,1815.jpg,1,1,1
1816,1816.jpg,1,,
1817,1817.jpg,,1,
1818,1818.jpg,1,1,1
1819,1819.jpg,1,,
1820,1820.jpg,1,0,0
1821,1821.jpg,0,0,0
1822,1822.jpg,0,0,0
1823,1823.jpg,0,,
1824,1824.jpg,1,,
1825,1825.jpg,1,0,0
1826,1826.jpg,0,,
1827,1827.jpg,1,0,0
1828,1828.jpg,1,0,0
1829,1829.jpg,1,0,0
1830,1830.jpg,1,1,1
1831,1831.jpg,0,,
1832,1832.jpg,1,0,0
1833,1833.jpg,0,,
1834,1834.jpg,,0,
1835,1835.jpg,0,,
1836,1836.jpg,0,,
1837,1837.jpg,0,,
1838,1838.jpg,0,0,0
1839,1839.jpg,0,0,0
1840,1840.jpg,1,1,1
1841,1841.jpg,0,0,0
1842,1842.jpg,0,,
1843,1843.jpg,1,1,1
1844,1844.jpg,,0,
1845,1845.jpg,1,0,0
1846,1846.jpg,,1,
1847,1847.jpg,1,,
1848,1848.jpg,,1,
1849,1849.jpg,,1,
1850,1850.jpg,1,0,0
1851,1851.jpg,1,0,0
1852,1852.jpg,1,,
1853,1853.jpg,1,,
1854,1854.jpg,0,1,0
1855,1855.jpg,,1,
1856,1856.jpg,1,,
1857,1857.jpg,0,,
1858,1858.jpg,,1,
1859,1859.jpg,0,,
1860,1860.jpg,1,,
1861,1861.jpg,1,1,1
1862,1862.jpg,0,0,0
1863,1863.jpg,1,,
1864,1864.jpg,1,,
1865,1865.jpg,0,0,0
1866,1866.jpg,1,,
1867,1867.jpg,0,1,0
1868,1868.jpg,1,,
1869,1869.jpg,1,,
1870,1870.jpg,1,0,0
1871,1871.jpg,,0,
1872,1872.jpg,0,0,0
1873,1873.jpg,,0,
1874,1874.jpg,,1,
1875,1875.jpg,1,0,0
1876,1876.jpg,1,1,1
1877,1877.jpg,1,1,1
1878,1878.jpg,,0,
1879,1879.jpg,1,1,1
1880,1880.jpg,1,1,1
1881,1881.jpg,1,,
1882,1882.jpg,0,,
1883,1883.jpg,1,1,1
1884,1884.jpg,,1,
1885,1885.jpg,1,1,1
1886,1886.jpg,0,,
1887,1887.jpg,1,1,1
1888,1888.jpg,0,,
1889,1889.jpg,1,,
1890,1890.jpg,1,,
1891,1891.jpg,,1,
1892,1892.jpg,,1,
1893,1893.jpg,1,0,0
1894,1894.jpg,1,1,1
1895,1895.jpg,1,1,1
1896,1896.jpg,1,,
1897,1897.jpg,1,1,1
1898,1898.jpg,1,,
1899,1899.jpg,1,,
1900,1900.jpg,1,1,1
1901,1901.jpg,0,1,0
1902,1902.jpg,1,1,1
1903,1903.jpg,,1,
1904,1904.jpg,,1,
1905,1905.jpg,1,1,1
1906,1906.jpg,0,0,0
1907,1907.jpg,1,,
1908,1908.jpg,,1,
1909,1909.jpg,0,0,0
1910,1910.jpg,1,1,1
1911,1911.jpg,,1,
1912,1912.jpg,0,,
1913,1913.jpg,1,1,1
1914,1914.jpg,1,,
1915,1915.jpg,1,0,0
1916,1916.jpg,1,0,0
1917,1917.jpg,0,0,0
1918,1918.jpg,,1,
1919,1919.jpg,1,,
1920,1920.jpg,0,0,0
1921,1921.jpg,,1,
1922,1922.jpg,1,,
1923,1923.jpg,1,0,0
1924,1924.jpg,1,,
1925,1925.jpg,1,,
1926,1926.jpg,1,1,1
1927,1927.jpg,1,,
1928,1928.jpg,1,1,1
1929,1929.jpg,,0,
1930,1930.jpg,1,,
1931,1931.jpg,,0,
1932,1932.jpg,1,,
1933,1933.jpg,1,,
1934,1934.jpg,,0,
1935,1935.jpg,0,0,0
1936,1936.jpg,1,,
1937,1937.jpg,1,,
1938,1938.jpg,1,,
1939,1939.jpg,,0,
1940,1940.jpg,1,1,1
1941,1941.jpg,1,1,1
1942,1942.jpg,1,,
1943,1943.jpg,,0,
1944,1944.jpg,0,0,0
1945,1945.jpg,,0,
1946,1946.jpg,,0,
1947,1947.jpg,1,1,1
1948,1948.jpg,0,0,0
1949,1949.jpg,0,1,0
1950,1950.jpg,1,1,1
1951,1951.jpg,0,0,0
1952,1952.jpg,,1,
1953,1953.jpg,0,,
1954,1954.jpg,1,1,1
1955,1955.jpg,0,,
1956,1956.jpg,1,,
1957,1957.jpg,1,1,1
1958,1958.jpg,1,0,0
1959,1959.jpg,,1,
1960,1960.jpg,,1,
1961,1961.jpg,1,,
1962,1962.jpg,1,0,0
1963,1963.jpg,,0,
1964,1964.jpg,1,0,0
1965,1965.jpg,0,,
1966,1966.jpg,1,,
1967,1967.jpg,,1,
1968,1968.jpg,1,,
1969,1969.jpg,0,,
1970,1970.jpg,,1,
1971,1971.jpg,1,1,1
1972,1972.jpg,1,,
1973,1973.jpg,0,0,0
1974,1974.jpg,0,1,0
1975,1975.jpg,1,0,0
1976,1976.jpg,,1,
1977,1977.jpg,1,0,0
1978,1978.jpg,0,,
1979,1979.jpg,1,0,0
1980,1980.jpg,1,,
1981,1981.jpg,1,1,1
1982,1982.jpg,0,,
1983,1983.jpg,1,1,1
1984,1984.jpg,1,,
1985,1985.jpg,1,1,1
1986,1986.jpg,1,1,1
1987,1987.jpg,0,0,0
1988,1988.jpg,1,,
1989,1989.jpg,,1,
1990,1990.jpg,,0,
1991,1991.jpg,,0,
1992,1992.jpg,,0,
1993,1993.jpg,0,0,0
1994,1994.jpg,0,,
1995,1995.jpg,1,1,1
1996,1996.jpg,1,0,0
1997,1997.jpg,1,1,1
1998,1998.jpg,1,1,1
1999,1999.jpg,1,,
2000,2000.jpg,0,,
2001,2001.jpg,,1,
2002,2002.jpg,1,1,1
2003,2003.jpg,1,1,1
2004,2004.jpg,0,,
2005,2005.jpg,0,,
2006,2006.jpg,1,1,1
2007,2007.jpg,1,0,0
2008,2008.jpg,1,,
2009,2009.jpg,1,1,1
2010,2010.jpg,1,0,0
2011,2011.jpg,0,0,0
2012,2012.jpg,0,0,0
2013,2013.jpg,1,,
2014,2014.jpg,0,0,0
2015,2015.jpg,,0,
2016,2016.jpg,1,0,0
2017,2017.jpg,1,1,1
2018,2018.jpg,1,1,1
2019,2019.jpg,0,1,0
2020,2020.jpg,0,,
2021,2021.jpg,1,1,1
2022,2022.jpg,1,1,1
2023,2023.jpg,1,1,1
2024,2024.jpg,1,1,1
2025,2025.jpg,,0,
2026,2026.jpg,0,1,0
2027,2027.jpg,1,,
2028,2028.jpg,0,1,0
2029,2029.jpg,1,,
2030,2030.jpg,,1,
2031,2031.jpg,,0,
2032,2032.jpg,1,,
2033,2033.jpg,1,0,0
2034,2034.jpg,,0,
2035,2035.jpg,1,1,1
2036,2036.jpg,0,,
2037,2037.jpg,1,0,0
2038,2038.jpg,1,0,0
2039,2039.jpg,1,1,1
2040,2040.jpg,,0,
2041,2041.jpg,1,,
2042,2042.jpg,1,1,1
2043,2043.jpg,1,1,1
2044,2044.jpg,0,,
2045,2045.jpg,,0,
2046,2046.jpg,,1,
2047,2047.jpg,0,,
2048,2048.jpg,,1,
2049,2049.jpg,,0,
2050,2050.jpg,1,1,1
2051,2051.jpg,1,1,1
2052,2052.jpg,,0,
2053,2053.jpg,0,,
2054,2054.jpg,1,,
2055,2055.jpg,,0,
2056,2056.jpg,1,,
2057,2057.jpg,1,,
2058,2058.jpg,0,,
2059,2059.jpg,,0,
2060,2060.jpg,0,,
2061,2061.jpg,1,0,0
2062,2062.jpg,1,0,0
2063,2063.jpg,1,1,1
2064,2064.jpg,,0,
2065,2065.jpg,1,1,1
2066,2066.jpg,1,0,0
2067,2067.jpg,1,1,1
2068,2068.jpg,,1,
2069,2069.jpg,1,1,1
2070,2070.jpg,0,0,0
2071,2071.jpg,0,0,0
2072,2072.jpg,,1,
2073,2073.jpg,1,1,1
2074,2074.jpg,1,0,0
2075,2075.jpg,,1,
2076,2076.jpg,0,0,0
2077,2077.jpg,1,0,0
2078,2078.jpg,1,1,1
2079,2079.jpg,1,,
2080,2080.jpg,1,1,1
2081,2081.jpg,1,,
2082,2082.jpg,1,1,1
2083,2083.jpg,1,1,1
2084,2084.jpg,1,0,0
2085,2085.jpg,1,0,0
2086,2086.jpg,0,0,0
2087,2087.jpg,0,,
2088,2088.jpg,1,,
2089,2089.jpg,0,,
2090,2090.jpg,0,1,0
2091,2091.jpg,0,,
2092,2092.jpg,,1,
2093,2093.jpg,1,0,0
2094,2094.jpg,0,0,0
2095,2095.jpg,0,1,0
2096,2096.jpg,1,1,1
2097,2097.jpg,1,1,1
2098,2098.jpg,0,0,0
2099,2099.jpg,1,1,1
2100,2100.jpg,0,0,0
2101,2101.jpg,0,,
2102,2102.jpg,,0,
2103,2103.jpg,,0,
2104,2104.jpg,,0,
2105,2105.jpg,1,1,1
2106,2106.jpg,1,0,0
2107,2107.jpg,0,,
2108,2108.jpg,1,0,0
2109,2109.jpg,1,0,0
2110,2110.jpg,,0,
2111,2111.jpg,1,1,1
2112,2112.jpg,0,0,0
2113,2113.jpg,,0,
2114,2114.jpg,1,0,0
2115,2115.jpg,1,,
2116,2116.jpg,0,,
2117,2117.jpg,1,,
2118,2118.jpg,1,1,1
2119,2119.jpg,0,0,0
2120,2120.jpg,1,,
2121,2121.jpg,0,,
2122,2122.jpg,1,0,0
2123,2123.jpg,1,1,1
2124,2124.jpg,,1,
2125,2125.jpg,0,0,0
2126,2126.jpg,1,1,1
2127,2127.jpg,1,,
2128,2128.jpg,1,1,1
2129,2129.jpg,,0,
2130,2130.jpg,1,0,0
2131,2131.jpg,0,,
2132,2132.jpg,1,,
2133,2133.jpg,0,,
2134,2134.jpg,0,0,0
2135,2135.jpg,,0,
2136,2136.jpg,1,1,1
2137,2137.jpg,,0,
2138,2138.jpg,,1,
2139,2139.jpg,0,,
2140,2140.jpg,1,1,1
2141,2141.jpg,1,1,1
2142,2142.jpg,,1,
2143,2143.jpg,1,,
2144,2144.jpg,,0,
2145,2145.jpg,,0,
2146,2146.jpg,1,1,1
2147,2147.jpg,1,,
2148,2148.jpg,1,,
2149,2149.jpg,0,1,0
2150,2150.jpg,1,1,1
2151,2151.jpg,1,1,1
2152,2152.jpg,,0,
2153,2153.jpg,,0,
2154,2154.jpg,1,,
2155,2155.jpg,,0,
2156,2156.jpg,1,,
2157,2157.jpg,0,0,0
2158,2158.jpg,0,,
2159,2159.jpg,0,0,0
2160,2160.jpg,1,1,1
2161,2161.jpg,0,,
2162,2162.jpg,0,0,0
2163,2163.jpg,1,1,1
2164,2164.jpg,,0,
2165,2165.jpg,1,0,0
2166,2166.jpg,1,,
2167,2167.jpg,0,0,0
2168,2168.jpg,0,0,0
2169,2169.jpg,1,,
2170,2170.jpg,1,,
2171,2171.jpg,0,0,0
2172,2172.jpg,0,1,0
2173,2173.jpg,0,0,0
2174,2174.jpg,1,0,0
2175,2175.jpg,1,,
2176,2176.jpg,0,,
2177,2177.jpg,1,0,0
2178,2178.jpg,1,0,0
2179,2179.jpg,0,1,0
2180,2180.jpg,0,,
2181,2181.jpg,1,0,0
2182,2182.jpg,1,1,1
2183,2183.jpg,1,,
2184,2184.jpg,1,,
2185,2185.jpg,0,0,0
2186,2186.jpg,,0,
2187,2187.jpg,0,0,0
2188,2188.jpg,1,,
2189,2189.jpg,1,1,1
2190,2190.jpg,1,1,1
2191,2191.jpg,1,,
2192,2192.jpg,0,0,0
2193,2193.jpg,1,1,1
2194,2194.jpg,1,0,0
2195,2195.jpg,1,,
2196,2196.jpg,1,1,1
2197,2197.jpg,0,1,0
2198,2198.jpg,1,1,1
2199,2199.jpg,1,,
2200,2200.jpg,1,1,1
2201,2201.jpg,,1,
2202,2202.jpg,1,,
2203,2203.jpg,,0,
2204,2204.jpg,1,,
2205,2205.jpg,0,0,0
2206,2206.jpg,0,0,0
2207,2207.jpg,1,1,1
2208,2208.jpg,0,0,0
2209,2209.jpg,0,0,0
2210,2210.jpg,,0,
2211,2211.jpg,1,0,0
2212,2212.jpg,1,0,0
2213,2213.jpg,1,0,0
2214,2214.jpg,1,0,0
2215,2215.jpg,1,0,0
2216,2216.jpg,1,,
2217,2217.jpg,1,1,1
2218,2218.jpg,1,,
2219,2219.jpg,,0,
2220,2220.jpg,1,1,1
2221,2221.jpg,0,1,0
2222,2222.jpg,0,,
2223,2223.jpg,1,1,1
2224,2224.jpg,,0,
2225,2225.jpg,1,1,1
2226,2226.jpg,1,1,1
2227,2227.jpg,1,,
2228,2228.jpg,0,,
2229,2229.jpg,1,1,1
2230,2230.jpg,0,,
2231,2231.jpg,,0,
2232,2232.jpg,1,0,0
2233,2233.jpg,1,1,1
2234,2234.jpg,0,,
2235,2235.jpg,1,0,0
2236,2236.jpg,1,0,0
2237,2237.jpg,,0,
2238,2238.jpg,1,,
2239,2239.jpg,1,0,0
2240,2240.jpg,1,1,1
2241,2241.jpg,0,,
2242,2242.jpg,0,0,0
2243,2243.jpg,0,0,0
2244,2244.jpg,0,,
2245,2245.jpg,0,,
2246,2246.jpg,,0,
2247,2247.jpg,1,1,1
2248,2248.jpg,0,1,0
2249,2249.jpg,0,1,0
2250,2250.jpg,0,1,0
2251,2251.jpg,,0,
2252,2252.jpg,0,0,0
2253,2253.jpg,1,0,0
2254,2254.jpg,1,1,1
2255,2255.jpg,1,,
2256,2256.jpg,,0,
2257,2257.jpg,1,1,1
2258,2258.jpg,0,,
2259,2259.jpg,0,0,0
2260,2260.jpg,0,0,0
2261,2261.jpg,1,,
2262,2262.jpg,0,0,0
2263,2263.jpg,0,0,0
2264,2264.jpg,0,1,0
2265,2265.jpg,0,0,0
2266,2266.jpg,0,,
2267,2267.jpg,0,0,0
2268,2268.jpg,0,,
2269,2269.jpg,1,,
2270,2270.jpg,1,,
2271,2271.jpg,0,0,0
2272,2272.jpg,,0,
2273,2273.jpg,,0,
2274,2274.jpg,,1,
2275,2275.jpg,0,,
2276,2276.jpg,,1,
2277,2277.jpg,1,,
2278,2278.jpg,,0,
2279,2279.jpg,,0,
2280,2280.jpg,1,1,1
2281,2281.jpg,,1,
2282,2282.jpg,1,,
2283,2283.jpg,1,1,1
2284,2284.jpg,1,,
2285,2285.jpg,0,0,0
2286,2286.jpg,0,,
2287,2287.jpg,1,,
2288,2288.jpg,,0,
2289,2289.jpg,1,1,1
2290,2290.jpg,1,1,1
2291,2291.jpg,1,,
2292,2292.jpg,0,1,0
2293,2293.jpg,1,0,0
2294,2294.jpg,1,,
2295,2295.jpg,1,1,1
2296,2296.jpg,0,0,0
2297,2297.jpg,,1,
2298,2298.jpg,1,0,0
2299,2299.jpg,,1,
2300,2300.jpg,1,,
2301,2301.jpg,1,,
2302,2302.jpg,0,,
2303,2303.jpg,0,0,0
2304,2304.jpg,1,,
2305,2305.jpg,0,,
2306,2306.jpg,1,1,1
2307,2307.jpg,1,,
2308,2308.jpg,1,0,0
2309,2309.jpg,1,,
2310,2310.jpg,0,0,0
2311,2311.jpg,1,0,0
2312,2312.jpg,1,,
2313,2313.jpg,,0,
2314,2314.jpg,1,,
2315,2315.jpg,0,0,0
2316,2316.jpg,1,0,0
2317,2317.jpg,1,1,1
2318,2318.jpg,,0,
2319,2319.jpg,1,1,1
2320,2320.jpg,1,,
2321,2321.jpg,1,1,1
2322,2322.jpg,1,,
2323,2323.jpg,1,1,1
2324,2324.jpg,1,,
2325,2325.jpg,1,,
2326,2326.jpg,1,0,0
2327,2327.jpg,1,,
2328,2328.jpg,0,,
2329,2329.jpg,1,,
2330,2330.jpg,1,,
2331,2331.jpg,1,0,0
2332,2332.jpg,0,1,0
2333,2333.jpg,,0,
2334,2334.jpg,1,,
2335,2335.jpg,1,0,0
2336,2336.jpg,1,0,0
2337,2337.jpg,1,1,1
2338,2338.jpg,1,,
2339,2339.jpg,,1,
2340,2340.jpg,1,,
2341,2341.jpg,0,1,0
2342,2342.jpg,0,1,0
2343,2343.jpg,1,1,1
2344,2344.jpg,1,0,0
2345,2345.jpg,0,0,0
2346,2346.jpg,,0,
2347,2347.jpg,1,,
2348,2348.jpg,0,,
2349,2349.jpg,1,,
2350,2350.jpg,,0,
2351,2351.jpg,1,,
2352,2352.jpg,0,,
2353,2353.jpg,,0,
2354,2354.jpg,0,0,0
2355,2355.jpg,0,0,0
2356,2356.jpg,,1,
2357,2357.jpg,1,,
2358,2358.jpg,1,0,0
2359,2359.jpg,1,0,0
2360,2360.jpg,1,1,1
2361,2361.jpg,,1,
2362,2362.jpg,1,,
2363,2363.jpg,,0,
2364,2364.jpg,0,0,0
2365,2365.jpg,1,1,1
2366,2366.jpg,1,0,0
2367,2367.jpg,0,1,0
2368,2368.jpg,,0,
2369,2369.jpg,1,,
2370,2370.jpg,0,0,0
2371,2371.jpg,0,,
2372,2372.jpg,0,,
2373,2373.jpg,0,,
2374,2374.jpg,1,0,0
2375,2375.jpg,0,0,0
2376,2376.jpg,,0,
2377,2377.jpg,0,1,0
2378,2378.jpg,1,,
2379,2379.jpg,1,1,1
2380,2380.jpg,,1,
2381,2381.jpg,1,1,1
2382,2382.jpg,,0,
2383,2383.jpg,1,1,1
2384,2384.jpg,0,0,0
2385,2385.jpg,0,,
2386,2386.jpg,1,,
2387,2387.jpg,1,0,0
2388,2388.jpg,0,1,0
2389,2389.jpg,1,,
2390,2390.jpg,1,,
2391,2391.jpg,,1,
2392,2392.jpg,1,1,1
2393,2393.jpg,0,1,0
2394,2394.jpg,1,,
2395,2395.jpg,1,0,0
2396,2396.jpg,1,,
2397,2397.jpg,1,,
2398,2398.jpg,1,1,1
2399,2399.jpg,0,0,0
2400,2400.jpg,0,,
2401,2401.jpg,1,1,1
2402,2402.jpg,,0,
2403,2403.jpg,1,,
2404,2404.jpg,,1,
2405,2405.jpg,1,1,1
2406,2406.jpg,1,,
2407,2407.jpg,0,0,0
2408,2408.jpg,1,0,0
2409,2409.jpg,1,,
2410,2410.jpg,1,1,1
2411,2411.jpg,1,1,1
2412,2412.jpg,0,,
2413,2413.jpg,1,0,0
2414,2414.jpg,1,1,1
2415,2415.jpg,0,0,0
2416,2416.jpg,1,1,1
2417,2417.jpg,,0,
2418,2418.jpg,1,1,1
2419,2419.jpg,1,0,0
2420,2420.jpg,1,,
2421,2421.jpg,,1,
2422,2422.jpg,0,,
2423,2423.jpg,1,,
2424,2424.jpg,0,0,0
2425,2425.jpg,1,1,1
2426,2426.jpg,0,,
2427,2427.jpg,1,0,0
2428,2428.jpg,0,0,0
2429,2429.jpg,1,,
2430,2430.jpg,,1,
2431,2431.jpg,1,1,1
2432,2432.jpg,1,1,1
2433,2433.jpg,1,0,0
2434,2434.jpg,0,,
2435,2435.jpg,0,1,0
2436,2436.jpg,1,0,0
2437,2437.jpg,1,1,1
2438,2438.jpg,0,0,0
2439,2439.jpg,0,,
2440,2440.jpg,1,,
2441,2441.jpg,,1,
2442,2442.jpg,1,,
2443,2443.jpg,1,,
2444,2444.jpg,0,1,0
2445,2445.jpg,1,,
2446,2446.jpg,,0,
2447,2447.jpg,1,1,1
2448,2448.jpg,1,0,0
2449,2449.jpg,1,1,1
2450,2450.jpg,1,1,1
2451,2451.jpg,1,0,0
2452,2452.jpg,1,0,0
2453,2453.jpg,,1,
2454,2454.jpg,1,1,1
2455,2455.jpg,0,0,0
2456,2456.jpg,,0,
2457,2457.jpg,1,0,0
2458,2458.jpg,0,0,0
2459,2459.jpg,1,0,0
2460,2460.jpg,1,0,0
2461,2461.jpg,1,1,1
2462,2462.jpg,1,1,1
2463,2463.jpg,1,0,0
2464,2464.jpg,,1,
2465,2465.jpg,,0,
2466,2466.jpg,1,0,0
2467,2467.jpg,,0,
2468,2468.jpg,,1,
2469,2469.jpg,0,0,0
2470,2470.jpg,1,1,1
2471,2471.jpg,1,,
2472,2472.jpg,,0,
2473,2473.jpg,,0,
2474,2474.jpg,,1,
2475,2475.jpg,,0,
2476,2476.jpg,1,1,1
2477,2477.jpg,1,0,0
2478,2478.jpg,0,,
2479,2479.jpg,1,,
2480,2480.jpg,,1,
2481,2481.jpg,1,1,1
2482,2482.jpg,,1,
2483,2483.jpg,1,,
2484,2484.jpg,1,,
2485,2485.jpg,1,,
2486,2486.jpg,1,,
2487,2487.jpg,1,1,1
2488,2488.jpg,0,0,0
2489,2489.jpg,1,1,1
2490,2490.jpg,,0,
2491,2491.jpg,1,,
2492,2492.jpg,0,,
2493,2493.jpg,0,,
2494,2494.jpg,1,0,0
2495,2495.jpg,1,1,1
2496,2496.jpg,1,0,0
2497,2497.jpg,0,,
2498,2498.jpg,1,0,0
2499,2499.jpg,,1,
2500,2500.jpg,1,1,1
2501,2501.jpg,1,1,1
2502,2502.jpg,1,,
2503,2503.jpg,1,1,1
2504,2504.jpg,0,0,0
2505,2505.jpg,1,1,1
2506,2506.jpg,1,,
2507,2507.jpg,1,1,1
2508,2508.jpg,1,1,1
2509,2509.jpg,1,1,1
2510,2510.jpg,1,1,1
2511,2511.jpg,1,0,0
2512,2512.jpg,0,0,0
2513,2513.jpg,,1,
2514,2514.jpg,1,0,0
2515,2515.jpg,0,0,0
2516,2516.jpg,1,1,1
2517,2517.jpg,1,,
2518,2518.jpg,1,1,1
2519,2519.jpg,1,1,1
2520,2520.jpg,,0,
2521,2521.jpg,0,0,0
2522,2522.jpg,1,0,0
2523,2523.jpg,1,1,1
2524,2524.jpg,1,1,1
2525,2525.jpg,0,0,0
2526,2526.jpg,1,1,1
2527,2527.jpg,0,0,0
2528,2528.jpg,0,,
2529,2529.jpg,1,1,1
2530,2530.jpg,1,1,1
2531,2531.jpg,,0,
2532,2532.jpg,1,1,1
2533,2533.jpg,,0,
2534,2534.jpg,0,,
2535,2535.jpg,1,,
2536,2536.jpg,1,0,0
2537,2537.jpg,,0,
2538,2538.jpg,1,1,1
2539,2539.jpg,0,,
2540,2540.jpg,0,,
2541,2541.jpg,1,1,1
2542,2542.jpg,0,0,0
2543,2543.jpg,1,0,0
2544,2544.jpg,1,,
2545,2545.jpg,,0,
2546,2546.jpg,0,0,0
2547,2547.jpg,0,0,0
2548,2548.jpg,1,1,1
2549,2549.jpg,1,,
2550,2550.jpg,0,,
2551,2551.jpg,1,,
2552,2552.jpg,0,1,0
2553,2553.jpg,,0,
2554,2554.jpg,1,1,1
2555,2555.jpg,0,0,0
2556,2556.jpg,1,1,1
2557,2557.jpg,1,1,1
2558,2558.jpg,1,0,0
2559,2559.jpg,0,,
2560,2560.jpg,1,,
2561,2561.jpg,1,1,1
2562,2562.jpg,1,0,0
2563,2563.jpg,1,1,1
2564,2564.jpg,1,,
2565,2565.jpg,1,1,1
2566,2566.jpg,1,0,0
2567,2567.jpg,1,,
2568,2568.jpg,1,0,0
2569,2569.jpg,,0,
2570,2570.jpg,0,,
2571,2571.jpg,,1,
2572,2572.jpg,,1,
2573,2573.jpg,1,1,1
2574,2574.jpg,,0,
2575,2575.jpg,,1,
2576,2576.jpg,1,1,1
2577,2577.jpg,0,1,0
2578,2578.jpg,1,1,1
2579,2579.jpg,,1,
2580,2580.jpg,1,,
2581,2581.jpg,1,0,0
2582,2582.jpg,,1,
2583,2583.jpg,,0,
2584,2584.jpg,,0,
2585,2585.jpg,1,,
2586,2586.jpg,1,,
2587,2587.jpg,1,1,1
2588,2588.jpg,0,,
2589,2589.jpg,1,,
2590,2590.jpg,1,0,0
2591,2591.jpg,1,,
2592,2592.jpg,1,,
2593,2593.jpg,1,0,0
2594,2594.jpg,1,1,1
2595,2595.jpg,,0,
2596,2596.jpg,1,1,1
2597,2597.jpg,,0,
2598,2598.jpg,,0,
2599,2599.jpg,0,1,0
2600,2600.jpg,1,1,1
2601,2601.jpg,1,1,1
2602,2602.jpg,0,,
2603,2603.jpg,0,0,0
2604,2604.jpg,1,0,0
2605,2605.jpg,0,1,0
2606,2606.jpg,0,1,0
2607,2607.jpg,0,,
2608,2608.jpg,,0,
2609,2609.jpg,,0,
2610,2610.jpg,0,0,0
2611,2611.jpg,0,,
2612,2612.jpg,0,0,0
2613,2613.jpg,,1,
2614,2614.jpg,,0,
2615,2615.jpg,0,,
2616,2616.jpg,1,,
2617,2617.jpg,1,0,0
2618,2618.jpg,1,,
2619,2619.jpg,1,1,1
2620,2620.jpg,1,1,1
2621,2621.jpg,1,,
2622,2622.jpg,0,,
2623,2623.jpg,0,,
2624,2624.jpg,1,1,1
2625,2625.jpg,,1,
2626,2626.jpg,,0,
2627,2627.jpg,1,0,0
2628,2628.jpg,1,0,0
2629,2629.jpg,1,1,1
2630,2630.jpg,0,,
2631,2631.jpg,1,,
2632,2632.jpg,1,,
2633,2633.jpg,1,0,0
2634,2634.jpg,1,,
2635,2635.jpg,0,0,0
2636,2636.jpg,1,0,0
2637,2637.jpg,1,,
2638,2638.jpg,1,,
2639,2639.jpg,1,,
2640,2640.jpg,1,1,1
2641,2641.jpg,0,,
2642,2642.jpg,0,0,0
2643,2643.jpg,1,1,1
2644,2644.jpg,1,0,0
2645,2645.jpg,1,1,1
2646,2646.jpg,,0,
2647,2647.jpg,0,0,0
2648,2648.jpg,0,0,0
2649,2649.jpg,1,1,1
2650,2650.jpg,,0,
2651,2651.jpg,1,,
2652,2652.jpg,1,0,0
2653,2653.jpg,1,1,1
2654,2654.jpg,0,1,0
2655,2655.jpg,1,,
2656,2656.jpg,,0,
2657,2657.jpg,1,1,1
2658,2658.jpg,1,1,1
2659,2659.jpg,1,,
2660,2660.jpg,1,1,1
2661,2661.jpg,1,1,1
2662,2662.jpg,0,,
2663,2663.jpg,1,,
2664,2664.jpg,1,1,1
2665,2665.jpg,0,0,0
2666,2666.jpg,1,1,1
2667,2667.jpg,1,,
2668,2668.jpg,1,0,0
2669,2669.jpg,1,1,1
2670,2670.jpg,,0,
2671,2671.jpg,1,,
2672,2672.jpg,1,,
2673,2673.jpg,1,,
2674,2674.jpg,0,,
2675,2675.jpg,1,,
2676,2676.jpg,,1,
2677,2677.jpg,1,1,1
2678,2678.jpg,0,0,0
2679,2679.jpg,0,1,0
2680,2680.jpg,0,,
2681,2681.jpg,0,,
2682,2682.jpg,1,,
2683,2683.jpg,1,1,1
2684,2684.jpg,,1,
2685,2685.jpg,1,1,1
2686,2686.jpg,1,1,1
2687,2687.jpg,1,1,1
2688,2688.jpg,1,,
2689,2689.jpg,1,1,1
2690,2690.jpg,,0,
2691,2691.jpg,0,0,0
2692,2692.jpg,,0,
2693,2693.jpg,,0,
2694,2694.jpg,1,1,1
2695,2695.jpg,0,0,0
2696,2696.jpg,1,0,0
2697,2697.jpg,,1,
2698,2698.jpg,1,,
2699,2699.jpg,1,,
2700,2700.jpg,1,,
2701,2701.jpg,1,0,0
2702,2702.jpg,1,,
2703,2703.jpg,0,0,0
2704,2704.jpg,,1,
2705,2705.jpg,0,1,0
2706,2706.jpg,1,1,1
2707,2707.jpg,,0,
2708,2708.jpg,1,1,1
2709,2709.jpg,1,1,1
2710,2710.jpg,0,,
2711,2711.jpg,0,,
2712,2712.jpg,1,1,1
2713,2713.jpg,1,1,1
2714,2714.jpg,0,,
2715,2715.jpg,1,,
2716,2716.jpg,1,1,1
2717,2717.jpg,0,,
2718,2718.jpg,1,1,1
2719,2719.jpg,1,1,1
2720,2720.jpg,,0,
2721,2721.jpg,1,0,0
2722,2722.jpg,1,0,0
2723,2723.jpg,1,0,0
2724,2724.jpg,0,0,0
2725,2725.jpg,1,0,0
2726,2726.jpg,1,1,1
2727,2727.jpg,1,0,0
2728,2728.jpg,0,,
2729,2729.jpg,1,1,1
2730,2730.jpg,1,,
2731,2731.jpg,1,0,0
2732,2732.jpg,,0,
2733,2733.jpg,1,,
2734,2734.jpg,1,1,1
2735,2735.jpg,1,,
2736,2736.jpg,1,0,0
2737,2737.jpg,0,,
2738,2738.jpg,1,,
2739,2739.jpg,1,0,0
2740,2740.jpg,0,1,0
2741,2741.jpg,1,0,0
2742,2742.jpg,,1,
2743,2743.jpg,1,0,0
2744,2744.jpg,1,0,0
2745,2745.jpg,0,0,0
2746,2746.jpg,1,0,0
2747,2747.jpg,1,0,0
2748,2748.jpg,0,,
2749,2749.jpg,1,,
2750,2750.jpg,1,1,1
2751,2751.jpg,0,0,0
2752,2752.jpg,0,0,0
2753,2753.jpg,1,,
2754,2754.jpg,0,0,0
2755,2755.jpg,1,,
2756,2756.jpg,1,1,1
2757,2757.jpg,0,,
2758,2758.jpg,,1,
2759,2759.jpg,,0,
2760,2760.jpg,1,0,0
2761,2761.jpg,1,,
2762,2762.jpg,1,1,1
2763,2763.jpg,0,,
2764,2764.jpg,1,0,0
2765,2765.jpg,,1,
2766,2766.jpg,1,1,1
2767,2767.jpg,,1,
2768,2768.jpg,1,0,0
2769,2769.jpg,0,1,0
2770,2770.jpg,0,0,0
2771,2771.jpg,1,1,1
2772,2772.jpg,1,1,1
2773,2773.jpg,0,,
2774,2774.jpg,0,,
2775,2775.jpg,1,,
2776,2776.jpg,1,1,1
2777,2777.jpg,1,1,1
2778,2778.jpg,,0,
2779,2779.jpg,1,1,1
2780,2780.jpg,,1,
2781,2781.jpg,1,,
2782,2782.jpg,1,1,1
2783,2783.jpg,0,,
2784,2784.jpg,0,1,0
2785,2785.jpg,1,0,0
2786,2786.jpg,0,,
2787,2787.jpg,1,1,1
2788,2788.jpg,1,1,1
2789,2789.jpg,1,0,0
2790,2790.jpg,0,,
2791,2791.jpg,1,1,1
2792,2792.jpg,1,0,0
2793,2793.jpg,0,0,0
2794,2794.jpg,0,0,0
2795,2795.jpg,0,0,0
2796,2796.jpg,0,0,0
2797,2797.jpg,0,1,0
2798,2798.jpg,0,,
2799,2799.jpg,1,,
2800,2800.jpg,1,,
2801,2801.jpg,1,1,1
2802,2802.jpg,0,0,0
2803,2803.jpg,0,,
2804,2804.jpg,0,0,0
2805,2805.jpg,0,,
2806,2806.jpg,1,1,1
2807,2807.jpg,,0,
2808,2808.jpg,1,1,1
2809,2809.jpg,,1,
2810,2810.jpg,1,1,1
2811,2811.jpg,1,0,0
2812,2812.jpg,0,,
2813,2813.jpg,1,0,0
2814,2814.jpg,1,1,1
2815,2815.jpg,,0,
2816,2816.jpg,1,1,1
2817,2817.jpg,1,0,0
2818,2818.jpg,1,1,1
2819,2819.jpg,0,0,0
2820,2820.jpg,1,,
2821,2821.jpg,1,1,1
2822,2822.jpg,0,0,0
2823,2823.jpg,,0,
2824,2824.jpg,0,0,0
2825,2825.jpg,,1,
2826,2826.jpg,0,,
2827,2827.jpg,,1,
2828,2828.jpg,1,,
2829,2829.jpg,0,,
2830,2830.jpg,0,,
2831,2831.jpg,0,0,0
2832,2832.jpg,1,,
2833,2833.jpg,0,0,0
2834,2834.jpg,1,,
2835,2835.jpg,1,1,1
2836,2836.jpg,0,1,0
2837,2837.jpg,0,0,0
2838,2838.jpg,1,,
2839,2839.jpg,1,0,0
2840,2840.jpg,0,,
2841,2841.jpg,1,,
2842,2842.jpg,1,,
2843,2843.jpg,0,,
2844,2844.jpg,1,,
2845,2845.jpg,1,,
2846,2846.jpg,0,0,0
2847,2847.jpg,,0,
2848,2848.jpg,1,0,0
2849,2849.jpg,1,,
2850,2850.jpg,1,,
2851,2851.jpg,0,,
2852,2852.jpg,,1,
2853,2853.jpg,1,,
2854,2854.jpg,1,,
2855,2855.jpg,1,1,1
2856,2856.jpg,0,1,0
2857,2857.jpg,1,1,1
2858,2858.jpg,1,1,1
2859,2859.jpg,,1,
2860,2860.jpg,1,1,1
2861,2861.jpg,0,,
2862,2862.jpg,1,1,1
2863,2863.jpg,0,,
2864,2864.jpg,0,,
2865,2865.jpg,1,,
2866,2866.jpg,,0,
2867,2867.jpg,1,1,1
2868,2868.jpg,0,,
2869,2869.jpg,1,,
2870,2870.jpg,1,,
2871,2871.jpg,,1,
2872,2872.jpg,0,,
2873,2873.jpg,1,0,0
2874,2874.jpg,,1,
2875,2875.jpg,1,1,1
2876,2876.jpg,1,0,0
2877,2877.jpg,0,,
2878,2878.jpg,1,0,0
2879,2879.jpg,1,0,0
2880,2880.jpg,1,,
2881,2881.jpg,0,0,0
2882,2882.jpg,1,1,1
2883,2883.jpg,0,,
2884,2884.jpg,1,1,1
2885,2885.jpg,0,0,0
2886,2886.jpg,1,,
2887,2887.jpg,0,,
2888,2888.jpg,0,,
2889,2889.jpg,1,,
2890,2890.jpg,1,,
2891,2891.jpg,1,,
2892,2892.jpg,,0,
2893,2893.jpg,1,,
2894,2894.jpg,0,,
2895,2895.jpg,1,0,0
2896,2896.jpg,0,,
2897,2897.jpg,1,,
2898,2898.jpg,1,1,1
2899,2899.jpg,1,1,1
2900,2900.jpg,1,1,1
2901,2901.jpg,1,0,0
2902,2902.jpg,1,,
2903,2903.jpg,1,,
2904,2904.jpg,1,,
2905,2905.jpg,1,,
2906,2906.jpg,1,,
2907,2907.jpg,1,1,1
2908,2908.jpg,1,1,1
2909,2909.jpg,1,1,1
2910,2910.jpg,1,1,1
2911,2911.jpg,1,1,1
2912,2912.jpg,0,,
2913,2913.jpg,1,,
2914,2914.jpg,1,1,1
2915,2915.jpg,1,1,1
2916,2916.jpg,1,0,0
2917,2917.jpg,1,0,0
2918,2918.jpg,1,0,0
2919,2919.jpg,1,1,1
2920,2920.jpg,0,0,0
2921,2921.jpg,,1,
2922,2922.jpg,,0,
2923,2923.jpg,1,,
2924,2924.jpg,1,1,1
2925,2925.jpg,0,0,0
2926,2926.jpg,1,,
2927,2927.jpg,1,1,1
2928,2928.jpg,1,1,1
2929,2929.jpg,0,,
2930,2930.jpg,,1,
2931,2931.jpg,0,0,0
2932,2932.jpg,1,1,1
2933,2933.jpg,1,1,1
2934,2934.jpg,,1,
2935,2935.jpg,1,1,1
2936,2936.jpg,1,1,1
2937,2937.jpg,0,1,0
2938,2938.jpg,1,,
2939,2939.jpg,1,0,0
2940,2940.jpg,1,1,1
2941,2941.jpg,1,,
2942,2942.jpg,0,1,0
2943,2943.jpg,1,1,1
2944,2944.jpg,1,,
2945,2945.jpg,0,,
2946,2946.jpg,1,1,1
2947,2947.jpg,1,1,1
2948,2948.jpg,1,,
2949,2949.jpg,1,,
2950,2950.jpg,1,0,0
2951,2951.jpg,1,1,1
2952,2952.jpg,1,1,1
2953,2953.jpg,0,,
2954,2954.jpg,0,0,0
2955,2955.jpg,0,,
2956,2956.jpg,,1,
2957,2957.jpg,0,,
2958,2958.jpg,1,1,1
2959,2959.jpg,1,1,1
2960,2960.jpg,,0,
2961,2961.jpg,1,1,1
2962,2962.jpg,0,0,0
2963,2963.jpg,1,1,1
2964,2964.jpg,,0,
2965,2965.jpg,1,0,0
2966,2966.jpg,1,0,0
2967,2967.jpg,1,,
2968,2968.jpg,1,1,1
2969,2969.jpg,1,1,1
2970,2970.jpg,,1,
2971,2971.jpg,,0,
2972,2972.jpg,,0,
2973,2973.jpg,,0,
2974,2974.jpg,0,,
2975,2975.jpg,0,,
2976,2976.jpg,1,1,1
2977,2977.jpg,1,1,1
2978,2978.jpg,1,,
2979,2979.jpg,1,1,1
2980,2980.jpg,1,1,1
2981,2981.jpg,1,1,1
2982,2982.jpg,0,1,0
2983,2983.jpg,0,1,0
2984,2984.jpg,0,,
2985,2985.jpg,0,1,0
2986,2986.jpg,0,0,0
2987,2987.jpg,1,,
2988,2988.jpg,0,0,0
2989,2989.jpg,0,,
2990,2990.jpg,1,,
2991,2991.jpg,0,0,0
2992,2992.jpg,,1,
2993,2993.jpg,1,1,1
2994,2994.jpg,1,0,0
2995,2995.jpg,1,0,0
2996,2996.jpg,1,1,1
2997,2997.jpg,1,0,0
2998,2998.jpg,1,1,1
2999,2999.jpg,1,1,1
3000,3000.jpg,0,,
3001,3001.jpg,0,,
3002,3002.jpg,0,,
3003,3003.jpg,0,1,0
3004,3004.jpg,0,1,0
3005,3005.jpg,1,1,1
3006,3006.jpg,1,0,0
3007,3007.jpg,0,1,0
3008,3008.jpg,1,1,1
3009,3009.jpg,0,1,0
3010,3010.jpg,0,,
3011,3011.jpg,0,,
3012,3012.jpg,1,,
3013,3013.jpg,1,0,0
3014,3014.jpg,0,0,0
3015,3015.jpg,1,0,0
3016,3016.jpg,1,1,1
3017,3017.jpg,,1,
3018,3018.jpg,1,1,1
3019,3019.jpg,0,,
3020,3020.jpg,1,,
3021,3021.jpg,1,0,0
3022,3022.jpg,1,1,1
3023,3023.jpg,1,1,1
3024,3024.jpg,,1,
3025,3025.jpg,1,1,1
3026,3026.jpg,,0,
3027,3027.jpg,1,,
3028,3028.jpg,1,,
3029,3029.jpg,1,,
3030,3030.jpg,0,0,0
3031,3031.jpg,0,,
3032,3032.jpg,1,0,0
3033,3033.jpg,0,1,0
3034,3034.jpg,0,1,0
3035,3035.jpg,1,,
3036,3036.jpg,1,1,1
3037,3037.jpg,1,1,1
3038,3038.jpg,,1,
3039,3039.jpg,0,0,0
3040,3040.jpg,1,,
3041,3041.jpg,1,,
3042,3042.jpg,,0,
3043,3043.jpg,1,1,1
3044,3044.jpg,,0,
3045,3045.jpg,1,1,1
3046,3046.jpg,0,1,0
3047,3047.jpg,0,,
3048,3048.jpg,,0,
3049,3049.jpg,0,,
3050,3050.jpg,,0,
3051,3051.jpg,1,,
3052,3052.jpg,1,1,1
3053,3053.jpg,,0,
3054,3054.jpg,1,1,1
3055,3055.jpg,1,0,0
3056,3056.jpg,,1,
3057,3057.jpg,,0,
3058,3058.jpg,1,1,1
3059,3059.jpg,1,0,0
3060,3060.jpg,1,1,1
3061,3061.jpg,0,,
3062,3062.jpg,1,1,1
3063,3063.jpg,1,,
3064,3064.jpg,0,0,0
3065,3065.jpg,1,,
3066,3066.jpg,1,1,1
3067,3067.jpg,1,1,1
3068,3068.jpg,0,0,0
3069,3069.jpg,1,0,0
3070,3070.jpg,0,1,0
3071,3071.jpg,0,,
3072,3072.jpg,0,1,0
3073,3073.jpg,1,1,1
3074,3074.jpg,1,1,1
3075,3075.jpg,1,0,0
3076,3076.jpg,1,1,1
3077,3077.jpg,1,0,0
3078,3078.jpg,0,,
3079,3079.jpg,0,1,0
3080,3080.jpg,1,1,1
3081,3081.jpg,1,1,1
3082,3082.jpg,1,1,1
3083,3083.jpg,0,1,0
3084,3084.jpg,1,0,0
3085,3085.jpg,,0,
3086,3086.jpg,1,,
3087,3087.jpg,1,1,1
3088,3088.jpg,,0,
3089,3089.jpg,1,1,1
3090,3090.jpg,1,1,1
3091,3091.jpg,1,,
3092,3092.jpg,1,1,1
3093,3093.jpg,1,1,1
3094,3094.jpg,1,1,1
3095,3095.jpg,0,0,0
3096,3096.jpg,,0,
3097,3097.jpg,1,,
3098,3098.jpg,,1,
3099,3099.jpg,0,,
3100,3100.jpg,,0,
3101,3101.jpg,0,0,0
3102,3102.jpg,1,1,1
3103,3103.jpg,1,1,1
3104,3104.jpg,1,,
3105,3105.jpg,1,,
3106,3106.jpg,1,1,1
3107,3107.jpg,1,,
3108,3108.jpg,1,0,0
3109,3109.jpg,1,1,1
3110,3110.jpg,1,1,1
3111,3111.jpg,0,0,0
3112,3112.jpg,1,,
3113,3113.jpg,1,0,0
3114,3114.jpg,1,0,0
3115,3115.jpg,1,,
3116,3116.jpg,1,1,1
3117,3117.jpg,0,,
3118,3118.jpg,1,1,1
3119,3119.jpg,0,,
3120,3120.jpg,1,0,0
3121,3121.jpg,0,,
3122,3122.jpg,1,1,1
3123,3123.jpg,0,0,0
3124,3124.jpg,1,1,1
3125,3125.jpg,1,0,0
3126,3126.jpg,,0,
3127,3127.jpg,1,0,0
3128,3128.jpg,1,,
3129,3129.jpg,0,0,0
3130,3130.jpg,0,0,0
3131,3131.jpg,,0,
3132,3132.jpg,1,,
3133,3133.jpg,0,1,0
3134,3134.jpg,0,,
3135,3135.jpg,1,,
3136,3136.jpg,1,,
3137,3137.jpg,1,0,0
3138,3138.jpg,,1,
3139,3139.jpg,1,1,1
3140,3140.jpg,1,1,1
3141,3141.jpg,1,,
3142,3142.jpg,0,0,0
3143,3143.jpg,,0,
3144,3144.jpg,,0,
3145,3145.jpg,1,1,1
3146,3146.jpg,,0,
3147,3147.jpg,1,1,1
3148,3148.jpg,0,0,0
3149,3149.jpg,,0,
3150,3150.jpg,0,1,0
3151,3151.jpg,,1,
3152,3152.jpg,1,,
3153,3153.jpg,0,,
3154,3154.jpg,1,1,1
3155,3155.jpg,0,0,0
3156,3156.jpg,,0,
3157,3157.jpg,1,,
3158,3158.jpg,,1,
3159,3159.jpg,1,1,1
3160,3160.jpg,1,0,0
3161,3161.jpg,0,0,0
3162,3162.jpg,0,1,0
3163,3163.jpg,1,,
3164,3164.jpg,,1,
3165,3165.jpg,0,,
3166,3166.jpg,0,,
3167,3167.jpg,1,,
3168,3168.jpg,1,1,1
3169,3169.jpg,1,,
3170,3170.jpg,1,,
3171,3171.jpg,0,1,0
3172,3172.jpg,,0,
3173,3173.jpg,1,,
3174,3174.jpg,0,,
3175,3175.jpg,1,,
3176,3176.jpg,1,1,1
3177,3177.jpg,1,1,1
3178,3178.jpg,0,,
3179,3179.jpg,0,0,0
3180,3180.jpg,1,,
3181,3181.jpg,0,,
3182,3182.jpg,1,1,1
3183,3183.jpg,0,0,0
3184,3184.jpg,0,0,0
3185,3185.jpg,0,1,0
3186,3186.jpg,,0,
3187,3187.jpg,1,1,1
3188,3188.jpg,,0,
3189,3189.jpg,1,1,1
3190,3190.jpg,1,,
3191,3191.jpg,,1,
3192,3192.jpg,0,,
3193,3193.jpg,1,1,1
3194,3194.jpg,0,0,0
3195,3195.jpg,0,1,0
3196,3196.jpg,1,0,0
3197,3197.jpg,1,1,1
3198,3198.jpg,0,,
3199,3199.jpg,1,0,0
3200,3200.jpg,,0,
3201,3201.jpg,,0,
3202,3202.jpg,1,0,0
3203,3203.jpg,1,,
3204,3204.jpg,1,0,0
3205,3205.jpg,1,,
3206,3206.jpg,0,,
3207,3207.jpg,,0,
3208,3208.jpg,0,,
3209,3209.jpg,1,1,1
3210,3210.jpg,,1,
3211,3211.jpg,0,0,0
3212,3212.jpg,0,0,0
3213,3213.jpg,1,,
3214,3214.jpg,0,,
3215,3215.jpg,,1,
3216,3216.jpg,,0,
3217,3217.jpg,1,,
3218,3218.jpg,1,0,0
3219,3219.jpg,0,,
3220,3220.jpg,1,,
3221,3221.jpg,1,0,0
3222,3222.jpg,1,1,1
3223,3223.jpg,1,,
3224,3224.jpg,0,,
3225,3225.jpg,,1,
3226,3226.jpg,0,,
3227,3227.jpg,1,0,0
3228,3228.jpg,1,0,0
3229,3229.jpg,1,1,1
3230,3230.jpg,,1,
3231,3231.jpg,0,,
3232,3232.jpg,1,,
3233,3233.jpg,0,1,0
3234,3234.jpg,1,1,1
3235,3235.jpg,,1,
3236,3236.jpg,1,,
3237,3237.jpg,1,0,0
3238,3238.jpg,1,1,1
3239,3239.jpg,0,0,0
3240,3240.jpg,1,,
3241,3241.jpg,1,1,1
3242,3242.jpg,1,,
3243,3243.jpg,1,,
3244,3244.jpg,1,0,0
3245,3245.jpg,1,,
3246,3246.jpg,0,0,0
3247,3247.jpg,0,0,0
3248,3248.jpg,0,0,0
3249,3249.jpg,,1,
3250,3250.jpg,1,1,1
3251,3251.jpg,1,,
3252,3252.jpg,0,0,0
3253,3253.jpg,,0,
3254,3254.jpg,1,,
3255,3255.jpg,1,,
3256,3256.jpg,1,0,0
3257,3257.jpg,,1,
3258,3258.jpg,1,,
3259,3259.jpg,0,,
3260,3260.jpg,0,0,0
3261,3261.jpg,1,0,0
3262,3262.jpg,0,0,0
3263,3263.jpg,1,1,1
3264,3264.jpg,1,0,0
3265,3265.jpg,,1,
3266,3266.jpg,,1,
3267,3267.jpg,0,0,0
3268,3268.jpg,,0,
3269,3269.jpg,1,,
3270,3270.jpg,0,1,0
3271,3271.jpg,1,0,0
3272,3272.jpg,0,,
3273,3273.jpg,1,1,1
3274,3274.jpg,0,,
3275,3275.jpg,,0,
3276,3276.jpg,1,1,1
3277,3277.jpg,0,0,0
3278,3278.jpg,1,1,1
3279,3279.jpg,1,1,1
3280,3280.jpg,0,0,0
3281,3281.jpg,,1,
3282,3282.jpg,,0,
3283,3283.jpg,1,1,1
3284,3284.jpg,1,1,1
3285,3285.jpg,1,1,1
3286,3286.jpg,1,1,1
3287,3287.jpg,1,1,1
3288,3288.jpg,0,0,0
3289,3289.jpg,1,,
3290,3290.jpg,1,1,1
3291,3291.jpg,1,,
3292,3292.jpg,0,,
3293,3293.jpg,1,1,1
3294,3294.jpg,,0,
3295,3295.jpg,1,1,1
3296,3296.jpg,1,,
3297,3297.jpg,1,,
3298,3298.jpg,0,,
3299,3299.jpg,0,,
3300,3300.jpg,1,1,1
3301,3301.jpg,1,1,1
3302,3302.jpg,0,1,0
3303,3303.jpg,,1,
3304,3304.jpg,1,,
3305,3305.jpg,0,,
3306,3306.jpg,0,,
3307,3307.jpg,1,,
3308,3308.jpg,1,1,1
3309,3309.jpg,1,1,1
3310,3310.jpg,,0,
3311,3311.jpg,,0,
3312,3312.jpg,1,1,1
3313,3313.jpg,0,0,0
3314,3314.jpg,0,,
3315,3315.jpg,1,0,0
3316,3316.jpg,1,1,1
3317,3317.jpg,1,1,1
3318,3318.jpg,,1,
3319,3319.jpg,0,,
3320,3320.jpg,0,,
3321,3321.jpg,0,0,0
3322,3322.jpg,0,,
3323,3323.jpg,0,1,0
3324,3324.jpg,0,0,0
3325,3325.jpg,,0,
3326,3326.jpg,,1,
3327,3327.jpg,1,1,1
3328,3328.jpg,1,,
3329,3329.jpg,1,1,1
3330,3330.jpg,1,0,0
3331,3331.jpg,1,1,1
3332,3332.jpg,1,0,0
3333,3333.jpg,1,,
3334,3334.jpg,0,0,0
3335,3335.jpg,1,0,0
3336,3336.jpg,1,0,0
3337,3337.jpg,1,1,1
3338,3338.jpg,1,,
3339,3339.jpg,,1,
3340,3340.jpg,1,1,1
3341,3341.jpg,0,,
3342,3342.jpg,1,1,1
3343,3343.jpg,1,0,0
3344,3344.jpg,1,,
3345,3345.jpg,1,,
3346,3346.jpg,,1,
3347,3347.jpg,1,0,0
3348,3348.jpg,1,0,0
3349,3349.jpg,1,0,0
3350,3350.jpg,1,1,1
3351,3351.jpg,,1,
3352,3352.jpg,1,1,1
3353,3353.jpg,0,,
3354,3354.jpg,0,,
3355,3355.jpg,1,1,1
3356,3356.jpg,1,1,1
3357,3357.jpg,1,1,1
3358,3358.jpg,1,,
3359,3359.jpg,1,0,0
3360,3360.jpg,1,0,0
3361,3361.jpg,0,0,0
3362,3362.jpg,1,,
3363,3363.jpg,1,1,1
3364,3364.jpg,1,,
3365,3365.jpg,1,0,0
3366,3366.jpg,0,1,0
3367,3367.jpg,1,1,1
3368,3368.jpg,1,,
3369,3369.jpg,1,1,1
3370,3370.jpg,1,,
3371,3371.jpg,1,,
3372,3372.jpg,,1,
3373,3373.jpg,1,,
3374,3374.jpg,1,,
3375,3375.jpg,1,,
3376,3376.jpg,,0,
3377,3377.jpg,,1,
3378,3378.jpg,0,0,0
3379,3379.jpg,1,,
3380,3380.jpg,1,1,1
3381,3381.jpg,1,,
3382,3382.jpg,,1,
3383,3383.jpg,1,0,0
3384,3384.jpg,0,0,0
3385,3385.jpg,1,,
3386,3386.jpg,0,0,0
3387,3387.jpg,0,1,0
3388,3388.jpg,1,1,1
3389,3389.jpg,1,1,1
3390,3390.jpg,1,,
3391,3391.jpg,0,0,0
3392,3392.jpg,1,,
3393,3393.jpg,1,0,0
3394,3394.jpg,,0,
3395,3395.jpg,1,0,0
3396,3396.jpg,,1,
3397,3397.jpg,1,,
3398,3398.jpg,0,0,0
3399,3399.jpg,1,1,1
3400,3400.jpg,,1,
3401,3401.jpg,,1,
3402,3402.jpg,1,1,1
3403,3403.jpg,0,1,0
3404,3404.jpg,1,1,1
3405,3405.jpg,0,1,0
3406,3406.jpg,1,,
3407,3407.jpg,,1,
3408,3408.jpg,1,,
3409,3409.jpg,0,0,0
3410,3410.jpg,1,0,0
3411,3411.jpg,0,0,0
3412,3412.jpg,,1,
3413,3413.jpg,1,,
3414,3414.jpg,1,,
3415,3415.jpg,1,,
3416,3416.jpg,0,,
3417,3417.jpg,,1,
3418,3418.jpg,1,1,1
3419,3419.jpg,1,,
3420,3420.jpg,1,,
3421,3421.jpg,1,,
3422,3422.jpg,1,1,1
3423,3423.jpg,0,0,0
3424,3424.jpg,0,1,0
3425,3425.jpg,0,,
3426,3426.jpg,,0,
3427,3427.jpg,1,,
3428,3428.jpg,0,0,0
3429,3429.jpg,1,1,1
3430,3430.jpg,1,1,1
3431,3431.jpg,1,,
3432,3432.jpg,1,,
3433,3433.jpg,0,1,0
3434,3434.jpg,,1,
3435,3435.jpg,1,0,0
3436,3436.jpg,1,,
3437,3437.jpg,1,,
3438,3438.jpg,,0,
3439,3439.jpg,,0,
3440,3440.jpg,0,,
3441,3441.jpg,1,0,0
3442,3442.jpg,1,,
3443,3443.jpg,1,0,0
3444,3444.jpg,1,,
3445,3445.jpg,,0,
3446,3446.jpg,0,,
3447,3447.jpg,0,,
3448,3448.jpg,1,,
3449,3449.jpg,1,1,1
3450,3450.jpg,1,,
3451,3451.jpg,1,0,0
3452,3452.jpg,1,,
3453,3453.jpg,0,0,0
3454,3454.jpg,1,1,1
3455,3455.jpg,1,,
3456,3456.jpg,0,1,0
3457,3457.jpg,,0,
3458,3458.jpg,0,,
3459,3459.jpg,0,,
3460,3460.jpg,,1,
3461,3461.jpg,1,,
3462,3462.jpg,1,1,1
3463,3463.jpg,1,1,1
3464,3464.jpg,1,,
3465,3465.jpg,1,1,1
3466,3466.jpg,,1,
3467,3467.jpg,,1,
3468,3468.jpg,1,1,1
3469,3469.jpg,,0,
3470,3470.jpg,,0,
3471,3471.jpg,,0,
3472,3472.jpg,1,1,1
3473,3473.jpg,1,0,0
3474,3474.jpg,1,1,1
3475,3475.jpg,,0,
3476,3476.jpg,,0,
3477,3477.jpg,0,1,0
3478,3478.jpg,1,,
3479,3479.jpg,1,0,0
3480,3480.jpg,1,1,1
3481,3481.jpg,1,1,1
3482,3482.jpg,,0,
3483,3483.jpg,,1,
3484,3484.jpg,0,1,0
3485,3485.jpg,1,,
3486,3486.jpg,0,0,0
3487,3487.jpg,0,,
3488,3488.jpg,1,1,1
3489,3489.jpg,,0,
3490,3490.jpg,,1,
3491,3491.jpg,,0,
3492,3492.jpg,0,0,0
3493,3493.jpg,,0,
3494,3494.jpg,1,1,1
3495,3495.jpg,1,,
3496,3496.jpg,,1,
3497,3497.jpg,,0,
3498,3498.jpg,,0,
3499,3499.jpg,,1,
3500,3500.jpg,0,0,0
3501,3501.jpg,1,,
3502,3502.jpg,0,,
3503,3503.jpg,0,0,0
3504,3504.jpg,,0,
3505,3505.jpg,0,0,0
3506,3506.jpg,0,,
3507,3507.jpg,0,0,0
3508,3508.jpg,1,1,1
3509,3509.jpg,,0,
3510,3510.jpg,1,,
3511,3511.jpg,0,0,0
3512,3512.jpg,1,,
3513,3513.jpg,1,1,1
3514,3514.jpg,,1,
3515,3515.jpg,0,,
3516,3516.jpg,1,,
3517,3517.jpg,1,,
3518,3518.jpg,1,,
3519,3519.jpg,1,1,1
3520,3520.jpg,0,0,0
3521,3521.jpg,1,1,1
3522,3522.jpg,1,0,0
3523,3523.jpg,1,1,1
3524,3524.jpg,,1,
3525,3525.jpg,,0,
3526,3526.jpg,1,,
3527,3527.jpg,1,1,1
3528,3528.jpg,1,,
3529,3529.jpg,1,0,0
3530,3530.jpg,,1,
3531,3531.jpg,1,,
3532,3532.jpg,1,1,1
3533,3533.jpg,1,,
3534,3534.jpg,1,1,1
3535,3535.jpg,0,,
3536,3536.jpg,1,1,1
3537,3537.jpg,0,,
3538,3538.jpg,0,0,0
3539,3539.jpg,1,,
3540,3540.jpg,,0,
3541,3541.jpg,1,0,0
3542,3542.jpg,,1,
3543,3543.jpg,1,1,1
3544,3544.jpg,0,,
3545,3545.jpg,0,0,0
3546,3546.jpg,1,1,1
3547,3547.jpg,0,1,0
3548,3548.jpg,1,1,1
3549,3549.jpg,0,,
3550,3550.jpg,1,1,1
3551,3551.jpg,,0,
3552,3552.jpg,1,1,1
3553,3553.jpg,0,0,0
3554,3554.jpg,,1,
3555,3555.jpg,1,1,1
3556,3556.jpg,0,,
3557,3557.jpg,1,,
3558,3558.jpg,0,,
3559,3559.jpg,,0,
3560,3560.jpg,0,1,0
3561,3561.jpg,1,1,1
3562,3562.jpg,0,1,0
3563,3563.jpg,1,0,0
3564,3564.jpg,1,0,0
3565,3565.jpg,,0,
3566,3566.jpg,1,0,0
3567,3567.jpg,1,1,1
3568,3568.jpg,1,0,0
3569,3569.jpg,1,,
3570,3570.jpg,0,,
3571,3571.jpg,0,,
3572,3572.jpg,0,,
3573,3573.jpg,,0,
3574,3574.jpg,1,0,0
3575,3575.jpg,,0,
3576,3576.jpg,0,,
3577,3577.jpg,1,1,1
3578,3578.jpg,0,1,0
3579,3579.jpg,1,0,0
3580,3580.jpg,1,1,1
3581,3581.jpg,,1,
3582,3582.jpg,0,,
3583,3583.jpg,1,0,0
3584,3584.jpg,,0,
3585,3585.jpg,1,0,0
3586,3586.jpg,1,,
3587,3587.jpg,1,1,1
3588,3588.jpg,1,1,1
3589,3589.jpg,1,0,0
3590,3590.jpg,1,,
3591,3591.jpg,0,,
3592,3592.jpg,1,,
3593,3593.jpg,0,0,0
3594,3594.jpg,1,,
3595,3595.jpg,1,,
3596,3596.jpg,1,,
3597,3597.jpg,0,0,0
3598,3598.jpg,1,,
3599,3599.jpg,0,0,0
3600,3600.jpg,1,0,0
3601,3601.jpg,1,1,1
3602,3602.jpg,1,,
3603,3603.jpg,1,,
3604,3604.jpg,1,0,0
3605,3605.jpg,,0,
3606,3606.jpg,,0,
3607,3607.jpg,1,1,1
3608,3608.jpg,1,1,1
3609,3609.jpg,,1,
3610,3610.jpg,1,1,1
3611,3611.jpg,1,1,1
3612,3612.jpg,1,,
3613,3613.jpg,1,,
3614,3614.jpg,1,1,1
3615,3615.jpg,0,,
3616,3616.jpg,1,0,0
3617,3617.jpg,1,,
3618,3618.jpg,1,,
3619,3619.jpg,,0,
3620,3620.jpg,,0,
3621,3621.jpg,1,0,0
3622,3622.jpg,0,1,0
3623,3623.jpg,1,0,0
3624,3624.jpg,,0,
3625,3625.jpg,1,0,0
3626,3626.jpg,0,0,0
3627,3627.jpg,1,1,1
3628,3628.jpg,0,0,0
3629,3629.jpg,1,1,1
3630,3630.jpg,1,1,1
3631,3631.jpg,1,0,0
3632,3632.jpg,1,,
3633,3633.jpg,1,1,1
3634,3634.jpg,1,,
3635,3635.jpg,,1,
3636,3636.jpg,1,,
3637,3637.jpg,1,,
3638,3638.jpg,1,0,0
3639,3639.jpg,1,1,1
3640,3640.jpg,1,1,1
3641,3641.jpg,1,0,0
3642,3642.jpg,0,0,0
3643,3643.jpg,0,1,0
3644,3644.jpg,1,,
3645,3645.jpg,0,0,0
3646,3646.jpg,0,0,0
3647,3647.jpg,1,1,1
3648,3648.jpg,1,,
3649,3649.jpg,0,1,0
3650,3650.jpg,1,,
3651,3651.jpg,1,,
3652,3652.jpg,1,,
3653,3653.jpg,1,,
3654,3654.jpg,,0,
3655,3655.jpg,1,1,1
3656,3656.jpg,1,0,0
3657,3657.jpg,1,,
3658,3658.jpg,1,,
3659,3659.jpg,,1,
3660,3660.jpg,1,1,1
3661,3661.jpg,,1,
3662,3662.jpg,0,,
3663,3663.jpg,1,1,1
3664,3664.jpg,1,,
3665,3665.jpg,1,0,0
3666,3666.jpg,1,1,1
3667,3667.jpg,0,,
3668,3668.jpg,1,1,1
3669,3669.jpg,1,,
3670,3670.jpg,1,1,1
3671,3671.jpg,0,1,0
3672,3672.jpg,1,1,1
3673,3673.jpg,,0,
3674,3674.jpg,1,,
3675,3675.jpg,1,,
3676,3676.jpg,0,0,0
3677,3677.jpg,0,0,0
3678,3678.jpg,0,,
3679,3679.jpg,,0,
3680,3680.jpg,1,0,0
3681,3681.jpg,,1,
3682,3682.jpg,0,0,0
3683,3683.jpg,1,1,1
3684,3684.jpg,,1,
3685,3685.jpg,0,,
3686,3686.jpg,0,0,0
3687,3687.jpg,0,0,0
3688,3688.jpg,,1,
3689,3689.jpg,1,0,0
3690,3690.jpg,1,1,1
3691,3691.jpg,1,1,1
3692,3692.jpg,1,1,1
3693,3693.jpg,1,1,1
3694,3694.jpg,1,1,1
3695,3695.jpg,1,1,1
3696,3696.jpg,0,0,0
3697,3697.jpg,0,,
3698,3698.jpg,0,,
3699,3699.jpg,1,1,1
3700,3700.jpg,1,0,0
3701,3701.jpg,0,1,0
3702,3702.jpg,0,,
3703,3703.jpg,,1,
3704,3704.jpg,0,,
3705,3705.jpg,1,1,1
3706,3706.jpg,1,,
3707,3707.jpg,1,,
3708,3708.jpg,1,1,1
3709,3709.jpg,1,1,1
3710,3710.jpg,1,,
3711,3711.jpg,,0,
3712,3712.jpg,0,,
3713,3713.jpg,0,0,0
3714,3714.jpg,1,0,0
3715,3715.jpg,,1,
3716,3716.jpg,1,0,0
3717,3717.jpg,0,,
3718,3718.jpg,1,,
3719,3719.jpg,,0,
3720,3720.jpg,1,0,0
3721,3721.jpg,0,0,0
3722,3722.jpg,,0,
3723,3723.jpg,1,0,0
3724,3724.jpg,,0,
3725,3725.jpg,,0,
3726,3726.jpg,1,,
3727,3727.jpg,1,,
3728,3728.jpg,1,1,1
3729,3729.jpg,1,,
3730,3730.jpg,1,1,1
3731,3731.jpg,0,0,0
3732,3732.jpg,0,,
3733,3733.jpg,1,1,1
3734,3734.jpg,1,,
3735,3735.jpg,1,1,1
3736,3736.jpg,0,0,0
3737,3737.jpg,0,0,0
3738,3738.jpg,1,0,0
3739,3739.jpg,,0,
3740,3740.jpg,1,0,0
3741,3741.jpg,1,,
3742,3742.jpg,1,,
3743,3743.jpg,1,1,1
3744,3744.jpg,0,,
3745,3745.jpg,0,0,0
3746,3746.jpg,0,,
3747,3747.jpg,1,,
3748,3748.jpg,,0,
3749,3749.jpg,,1,
3750,3750.jpg,,1,
3751,3751.jpg,,1,
3752,3752.jpg,1,,
3753,3753.jpg,0,0,0
3754,3754.jpg,0,,
3755,3755.jpg,0,,
3756,3756.jpg,0,,
3757,3757.jpg,0,0,0
3758,3758.jpg,0,1,0
3759,3759.jpg,0,,
3760,3760.jpg,0,,
3761,3761.jpg,1,1,1
3762,3762.jpg,,1,
3763,3763.jpg,0,1,0
3764,3764.jpg,1,1,1
3765,3765.jpg,1,,
3766,3766.jpg,1,0,0
3767,3767.jpg,,0,
3768,3768.jpg,,1,
3769,3769.jpg,,0,
3770,3770.jpg,1,1,1
3771,3771.jpg,0,0,0
3772,3772.jpg,0,0,0
3773,3773.jpg,1,1,1
3774,3774.jpg,1,0,0
3775,3775.jpg,0,1,0
3776,3776.jpg,1,,
3777,3777.jpg,,0,
3778,3778.jpg,,0,
3779,3779.jpg,1,,
3780,3780.jpg,1,1,1
3781,3781.jpg,,0,
3782,3782.jpg,1,1,1
3783,3783.jpg,1,,
3784,3784.jpg,1,0,0
3785,3785.jpg,0,0,0
3786,3786.jpg,1,1,1
3787,3787.jpg,,0,
3788,3788.jpg,1,,
3789,3789.jpg,0,,
3790,3790.jpg,,1,
3791,3791.jpg,1,1,1
3792,3792.jpg,1,1,1
3793,3793.jpg,0,,
3794,3794.jpg,,0,
3795,3795.jpg,0,,
3796,3796.jpg,1,0,0
3797,3797.jpg,1,1,1
3798,3798.jpg,1,1,1
3799,3799.jpg,1,,
3800,3800.jpg,0,,
3801,3801.jpg,0,1,0
3802,3802.jpg,1,0,0
3803,3803.jpg,1,0,0
3804,3804.jpg,1,1,1
3805,3805.jpg,0,0,0
3806,3806.jpg,1,,
3807,3807.jpg,0,0,0
3808,3808.jpg,1,,
3809,3809.jpg,,0,
3810,3810.jpg,1,1,1
3811,3811.jpg,0,0,0
3812,3812.jpg,1,0,0
3813,3813.jpg,1,,
3814,3814.jpg,1,0,0
3815,3815.jpg,1,1,1
3816,3816.jpg,1,,
3817,3817.jpg,1,,
3818,3818.jpg,1,1,1
3819,3819.jpg,0,0,0
3820,3820.jpg,,0,
3821,3821.jpg,1,1,1
3822,3822.jpg,,0,
3823,3823.jpg,1,1,1
3824,3824.jpg,,0,
3825,3825.jpg,1,,
3826,3826.jpg,0,,
3827,3827.jpg,1,1,1
3828,3828.jpg,1,,
3829,3829.jpg,0,,
3830,3830.jpg,0,1,0
3831,3831.jpg,1,1,1
3832,3832.jpg,0,0,0
3833,3833.jpg,1,,
3834,3834.jpg,,1,
3835,3835.jpg,1,,
3836,3836.jpg,1,1,1
3837,3837.jpg,,0,
3838,3838.jpg,1,,
3839,3839.jpg,1,1,1
3840,3840.jpg,1,,
3841,3841.jpg,1,1,1
3842,3842.jpg,,1,
3843,3843.jpg,0,1,0
3844,3844.jpg,1,0,0
3845,3845.jpg,1,1,1
3846,3846.jpg,1,,
3847,3847.jpg,1,1,1
3848,3848.jpg,0,,
3849,3849.jpg,0,1,0
3850,3850.jpg,0,,
3851,3851.jpg,0,0,0
3852,3852.jpg,1,,
3853,3853.jpg,1,0,0
3854,3854.jpg,1,,
3855,3855.jpg,1,,
3856,3856.jpg,0,,
3857,3857.jpg,,1,
3858,3858.jpg,,1,
3859,3859.jpg,1,,
3860,3860.jpg,0,0,0
3861,3861.jpg,1,1,1
3862,3862.jpg,0,0,0
3863,3863.jpg,1,,
3864,3864.jpg,0,0,0
3865,3865.jpg,,0,
3866,3866.jpg,,0,
3867,3867.jpg,1,1,1
3868,3868.jpg,0,,
3869,3869.jpg,1,0,0
3870,3870.jpg,1,,
3871,3871.jpg,1,1,1
3872,3872.jpg,1,0,0
3873,3873.jpg,1,1,1
3874,3874.jpg,,1,
3875,3875.jpg,1,,
3876,3876.jpg,,1,
3877,3877.jpg,0,,
3878,3878.jpg,1,1,1
3879,3879.jpg,0,1,0
3880,3880.jpg,0,1,0
3881,3881.jpg,,0,
3882,3882.jpg,1,1,1
3883,3883.jpg,0,0,0
3884,3884.jpg,1,,
3885,3885.jpg,1,0,0
3886,3886.jpg,1,1,1
3887,3887.jpg,1,0,0
3888,3888.jpg,0,0,0
3889,3889.jpg,,1,
3890,3890.jpg,0,1,0
3891,3891.jpg,0,,
3892,3892.jpg,0,0,0
3893,3893.jpg,1,1,1
3894,3894.jpg,1,1,1
3895,3895.jpg,1,1,1
3896,3896.jpg,0,,
3897,3897.jpg,0,,
3898,3898.jpg,1,,
3899,3899.jpg,,1,
3900,3900.jpg,1,1,1
3901,3901.jpg,1,1,1
3902,3902.jpg,,0,
3903,3903.jpg,0,0,0
3904,3904.jpg,1,0,0
3905,3905.jpg,0,1,0
3906,3906.jpg,1,1,1
3907,3907.jpg,1,,
3908,3908.jpg,1,0,0
3909,3909.jpg,0,,
3910,3910.jpg,1,1,1
3911,3911.jpg,,1,
3912,3912.jpg,,0,
3913,3913.jpg,1,1,1
3914,3914.jpg,1,1,1
3915,3915.jpg,1,1,1
3916,3916.jpg,1,0,0
3917,3917.jpg,1,1,1
3918,3918.jpg,1,,
3919,3919.jpg,,0,
3920,3920.jpg,1,1,1
3921,3921.jpg,0,,
3922,3922.jpg,1,1,1
3923,3923.jpg,0,,
3924,3924.jpg,,1,
3925,3925.jpg,1,,
3926,3926.jpg,,0,
3927,3927.jpg,1,1,1
3928,3928.jpg,1,,
3929,3929.jpg,1,1,1
3930,3930.jpg,1,,
3931,3931.jpg,,0,
3932,3932.jpg,,1,
3933,3933.jpg,0,0,0
3934,3934.jpg,1,,
3935,3935.jpg,,1,
3936,3936.jpg,0,,
3937,3937.jpg,0,0,0
3938,3938.jpg,1,1,1
3939,3939.jpg,1,,
3940,3940.jpg,,1,
3941,3941.jpg,,1,
3942,3942.jpg,,0,
3943,3943.jpg,,1,
3944,3944.jpg,1,,
3945,3945.jpg,0,1,0
3946,3946.jpg,,0,
3947,3947.jpg,1,1,1
3948,3948.jpg,1,1,1
3949,3949.jpg,0,0,0
3950,3950.jpg,1,1,1
3951,3951.jpg,1,,
3952,3952.jpg,,0,
3953,3953.jpg,1,,
3954,3954.jpg,0,,
3955,3955.jpg,0,,
3956,3956.jpg,1,1,1
3957,3957.jpg,1,1,1
3958,3958.jpg,1,,
3959,3959.jpg,,1,
3960,3960.jpg,0,0,0
3961,3961.jpg,1,1,1
3962,3962.jpg,,1,
3963,3963.jpg,1,1,1
3964,3964.jpg,1,0,0
3965,3965.jpg,0,,
3966,3966.jpg,1,1,1
3967,3967.jpg,1,,
3968,3968.jpg,1,,
3969,3969.jpg,,0,
3970,3970.jpg,0,1,0
3971,3971.jpg,1,1,1
3972,3972.jpg,,1,
3973,3973.jpg,1,1,1
3974,3974.jpg,0,0,0
3975,3975.jpg,1,1,1
3976,3976.jpg,1,0,0
3977,3977.jpg,1,1,1
3978,3978.jpg,1,,
3979,3979.jpg,1,,
3980,3980.jpg,1,1,1
3981,3981.jpg,0,0,0
3982,3982.jpg,1,,
3983,3983.jpg,0,1,0
3984,3984.jpg,,1,
3985,3985.jpg,1,0,0
3986,3986.jpg,0,1,0
3987,3987.jpg,1,,
3988,3988.jpg,,0,
3989,3989.jpg,,0,
3990,3990.jpg,0,1,0
3991,3991.jpg,0,,
3992,3992.jpg,1,1,1
3993,3993.jpg,1,1,1
3994,3994.jpg,0,0,0
3995,3995.jpg,1,0,0
3996,3996.jpg,,1,
3997,3997.jpg,1,1,1
3998,3998.jpg,0,,
3999,3999.jpg,,1,
4000,4000.jpg,,1,
4001,4001.jpg,1,1,1
4002,4002.jpg,1,0,0
4003,4003.jpg,1,,
4004,4004.jpg,1,1,1
4005,4005.jpg,1,,
4006,4006.jpg,,0,
4007,4007.jpg,1,,
4008,4008.jpg,1,0,0
4009,4009.jpg,1,1,1
4010,4010.jpg,1,1,1
4011,4011.jpg,,0,
4012,4012.jpg,0,1,0
4013,4013.jpg,1,1,1
4014,4014.jpg,0,,
4015,4015.jpg,1,0,0
4016,4016.jpg,0,,
4017,4017.jpg,1,0,0
4018,4018.jpg,,0,
4019,4019.jpg,,1,
4020,4020.jpg,,0,
4021,4021.jpg,,0,
4022,4022.jpg,1,1,1
4023,4023.jpg,0,0,0
4024,4024.jpg,,0,
4025,4025.jpg,,0,
4026,4026.jpg,0,,
4027,4027.jpg,1,,
4028,4028.jpg,1,1,1
4029,4029.jpg,0,,
4030,4030.jpg,1,1,1
4031,4031.jpg,1,1,1
4032,4032.jpg,1,0,0
4033,4033.jpg,0,,
4034,4034.jpg,1,1,1
4035,4035.jpg,0,0,0
4036,4036.jpg,1,1,1
4037,4037.jpg,0,1,0
4038,4038.jpg,0,,
4039,4039.jpg,,1,
4040,4040.jpg,1,1,1
4041,4041.jpg,,0,
4042,4042.jpg,1,,
4043,4043.jpg,1,0,0
4044,4044.jpg,1,1,1
4045,4045.jpg,1,0,0
4046,4046.jpg,0,1,0
4047,4047.jpg,1,1,1
4048,4048.jpg,1,1,1
4049,4049.jpg,0,,
4050,4050.jpg,1,,
4051,4051.jpg,0,0,0
4052,4052.jpg,0,0,0
4053,4053.jpg,1,1,1
4054,4054.jpg,,0,
4055,4055.jpg,1,,
4056,4056.jpg,1,1,1
4057,4057.jpg,1,,
4058,4058.jpg,0,,
4059,4059.jpg,0,0,0
4060,4060.jpg,0,1,0
4061,4061.jpg,0,1,0
4062,4062.jpg,1,,
4063,4063.jpg,1,,
4064,4064.jpg,1,0,0
4065,4065.jpg,1,,
4066,4066.jpg,0,,
4067,4067.jpg,1,,
4068,4068.jpg,1,,
4069,4069.jpg,1,1,1
4070,4070.jpg,1,,
4071,4071.jpg,1,0,0
4072,4072.jpg,1,1,1
4073,4073.jpg,1,0,0
4074,4074.jpg,1,0,0
4075,4075.jpg,0,0,0
4076,4076.jpg,0,0,0
4077,4077.jpg,,0,
4078,4078.jpg,1,,
4079,4079.jpg,,0,
4080,4080.jpg,0,0,0
4081,4081.jpg,0,0,0
4082,4082.jpg,1,,
4083,4083.jpg,0,,
4084,4084.jpg,1,0,0
4085,4085.jpg,1,1,1
4086,4086.jpg,,1,
4087,4087.jpg,,0,
4088,4088.jpg,0,1,0
4089,4089.jpg,0,1,0
4090,4090.jpg,1,0,0
4091,4091.jpg,0,0,0
4092,4092.jpg,0,,
4093,4093.jpg,0,0,0
4094,4094.jpg,,0,
4095,4095.jpg,1,0,0
4096,4096.jpg,0,0,0
4097,4097.jpg,1,0,0
4098,4098.jpg,1,1,1
4099,4099.jpg,,1,
4100,4100.jpg,1,1,1
4101,4101.jpg,1,1,1
4102,4102.jpg,1,0,0
4103,4103.jpg,1,,
4104,4104.jpg,0,1,0
4105,4105.jpg,0,0,0
4106,4106.jpg,,0,
4107,4107.jpg,,1,
4108,4108.jpg,0,0,0
4109,4109.jpg,0,1,0
4110,4110.jpg,1,,
4111,4111.jpg,1,1,1
4112,4112.jpg,1,1,1
4113,4113.jpg,0,,
4114,4114.jpg,,1,
4115,4115.jpg,1,,
4116,4116.jpg,0,,
4117,4117.jpg,,0,
4118,4118.jpg,1,0,0
4119,4119.jpg,1,1,1
4120,4120.jpg,0,0,0
4121,4121.jpg,1,,
4122,4122.jpg,1,1,1
4123,4123.jpg,1,1,1
4124,4124.jpg,,1,
4125,4125.jpg,1,1,1
4126,4126.jpg,,0,
4127,4127.jpg,,0,
4128,4128.jpg,1,1,1
4129,4129.jpg,,0,
4130,4130.jpg,0,1,0
4131,4131.jpg,0,,
4132,4132.jpg,1,0,0
4133,4133.jpg,1,,
4134,4134.jpg,1,1,1
4135,4135.jpg,,1,
4136,4136.jpg,1,0,0
4137,4137.jpg,1,1,1
4138,4138.jpg,1,0,0
4139,4139.jpg,1,,
4140,4140.jpg,0,1,0
4141,4141.jpg,0,,
4142,4142.jpg,,1,
4143,4143.jpg,1,,
4144,4144.jpg,0,1,0
4145,4145.jpg,0,1,0
4146,4146.jpg,0,1,0
4147,4147.jpg,0,0,0
4148,4148.jpg,1,,
4149,4149.jpg,0,1,0
4150,4150.jpg,1,1,1
4151,4151.jpg,1,0,0
4152,4152.jpg,1,1,1
4153,4153.jpg,1,,
4154,4154.jpg,0,,
4155,4155.jpg,,0,
4156,4156.jpg,,1,
4157,4157.jpg,0,,
4158,4158.jpg,1,1,1
4159,4159.jpg,1,,
4160,4160.jpg,1,0,0
4161,4161.jpg,1,,
4162,4162.jpg,1,1,1
4163,4163.jpg,0,0,0
4164,4164.jpg,,0,
4165,4165.jpg,0,0,0
4166,4166.jpg,1,,
4167,4167.jpg,1,0,0
4168,4168.jpg,,0,
4169,4169.jpg,1,0,0
4170,4170.jpg,1,0,0
4171,4171.jpg,0,1,0
4172,4172.jpg,1,1,1
4173,4173.jpg,1,,
4174,4174.jpg,1,1,1
4175,4175.jpg,1,1,1
